{
"type": "FeatureCollection",
"name": "gandalfthegrey",
"crs": { "type": "name", "properties": { "name": "urn:ogc:def:crs:OGC:1.3:CRS84" } },
"features": [
{ "type": "Feature", "properties": { "id": 1 }, "geometry": { "type": "MultiLineString", "coordinates": [ [ [ -93.311284121828962, 44.946578485262997 ], [ -93.311308157245932, 44.946560734186868 ], [ -93.311331147644793, 44.946536326448225 ], [ -93.311325922554133, 44.946513397957034 ], [ -93.311308157245932, 44.946473457982741 ], [ -93.311276806702054, 44.946434997240502 ], [ -93.311237096013173, 44.946406891297187 ], [ -93.311176484961663, 44.94639801573328 ], [ -93.311112738855826, 44.946404672406331 ], [ -93.311039587586791, 44.946422423530713 ], [ -93.31100928206105, 44.946436476500295 ], [ -93.310977931517172, 44.946446091688024 ], [ -93.310931950719478, 44.946442393539087 ], [ -93.310875519740506, 44.946433517980665 ], [ -93.310821178797809, 44.946448310577267 ], [ -93.310780423090776, 44.946463842799602 ], [ -93.310732352256849, 44.946459405022217 ], [ -93.310707271821741, 44.946443133168884 ], [ -93.310653975897182, 44.946409849818167 ], [ -93.310615310226382, 44.946379524970716 ], [ -93.31054529401176, 44.946396536472491 ], [ -93.310535888848605, 44.946463103170053 ], [ -93.31053902390299, 44.946498605377201 ], [ -93.310537978884838, 44.946518575359072 ], [ -93.310476322815234, 44.946518575359072 ], [ -93.31043243205383, 44.946513397957034 ], [ -93.310393766383044, 44.946520054616713 ], [ -93.310365550893565, 44.946520054616713 ], [ -93.31036241583918, 44.946540764219669 ], [ -93.310315390023348, 44.946542983105246 ], [ -93.310309119914578, 44.946519314987896 ], [ -93.310292399624529, 44.946482333534981 ], [ -93.310199393011047, 44.946502303522514 ], [ -93.310131466832672, 44.94651635647255 ], [ -93.310070855781163, 44.946537805705404 ], [ -93.310047865382344, 44.946572568238224 ], [ -93.310018604874713, 44.946611768515943 ], [ -93.309995614475895, 44.94662360255677 ], [ -93.309862897173517, 44.946619164791741 ], [ -93.309996659494018, 44.946641353613451 ], [ -93.310009199711558, 44.946668719815086 ], [ -93.310034280146667, 44.94670052376275 ], [ -93.310034280146667, 44.946721233300579 ], [ -93.310016514838466, 44.94673084844063 ], [ -93.309945453605707, 44.946724931431561 ], [ -93.309913058043705, 44.946716055916838 ], [ -93.309863942191626, 44.946716795543118 ], [ -93.3098336366659, 44.946714576664242 ], [ -93.309737494998032, 44.94671531629055 ], [ -93.309716594635447, 44.946733806944927 ], [ -93.309712414562924, 44.946706440774328 ], [ -93.309673748892152, 44.946687210484477 ], [ -93.309631948167009, 44.94669164824424 ], [ -93.309565067006744, 44.946707180400729 ], [ -93.309561931952359, 44.946746380586504 ], [ -93.30958387733304, 44.946797414750527 ], [ -93.309615227876918, 44.946846969619983 ], [ -93.30960164264124, 44.946858063987875 ], [ -93.309565067006744, 44.946863241358834 ], [ -93.309513861118432, 44.946852886616455 ], [ -93.309463700248216, 44.946837354499401 ], [ -93.309376963743503, 44.946814426128441 ], [ -93.309075998522346, 44.946749339090012 ], [ -93.308792798609417, 44.946761912728178 ], [ -93.308573344802326, 44.946797414750527 ], [ -93.308539904222158, 44.946787059996282 ], [ -93.308536769167787, 44.946759693851064 ], [ -93.308547219349066, 44.946719014421902 ], [ -93.308570209747927, 44.946678334963913 ], [ -93.308562894621019, 44.946657625410587 ], [ -93.308335080668911, 44.946654666902369 ], [ -93.308561849602881, 44.946628779948874 ], [ -93.308605740364328, 44.946611028888299 ], [ -93.308631865817546, 44.946568870097444 ], [ -93.308637090908206, 44.946503043151566 ], [ -93.3086026053099, 44.946426861310947 ], [ -93.308485563279461, 44.946358815309594 ], [ -93.308213858565921, 44.946358815309594 ], [ -93.307871092619607, 44.946403193145713 ], [ -93.307591027761021, 44.946447570947512 ], [ -93.307254531923462, 44.946503782780582 ], [ -93.307141669965546, 44.946580704147117 ], [ -93.307051798406448, 44.946696086003655 ], [ -93.30703298808011, 44.946712357785287 ], [ -93.306940503975682, 44.946704961521483 ], [ -93.306913333504326, 44.94670607096112 ], [ -93.30690706339557, 44.946809618565638 ], [ -93.306894523178016, 44.946830328064117 ], [ -93.306869442742922, 44.946837724311763 ], [ -93.306865262670399, 44.946858433800109 ], [ -93.306861082597877, 44.946885060274148 ], [ -93.306836002162768, 44.946908728240707 ], [ -93.306840182235291, 44.946922041467602 ], [ -93.306827642017765, 44.946953105651694 ], [ -93.30680047154641, 44.946969377360453 ], [ -93.306767030966284, 44.946964939622156 ], [ -93.306758670821253, 44.946944230172235 ], [ -93.306779571183824, 44.946895415010715 ], [ -93.306787931328842, 44.946849558306013 ], [ -93.306725230241128, 44.946845120558464 ], [ -93.306741950531176, 44.946716425729981 ], [ -93.306667231734963, 44.946719754048139 ], [ -93.306614980828499, 44.946719014421902 ], [ -93.306574747630535, 44.946716425729981 ], [ -93.30654391959574, 44.946710138906248 ], [ -93.306521451705947, 44.946704221895068 ], [ -93.306366266513805, 44.946704591708283 ], [ -93.306257062119315, 44.946689799177719 ], [ -93.306162487978654, 44.946693497310719 ], [ -93.306046490966338, 44.94669127843094 ], [ -93.305952961843772, 44.94667500664336 ], [ -93.305867270357197, 44.946670199068869 ], [ -93.30574918330862, 44.946657625410595 ], [ -93.305684392184617, 44.946659844291652 ], [ -93.305658266731371, 44.946664282053554 ], [ -93.305599223207096, 44.946685731231142 ], [ -93.305571007717617, 44.946692387870847 ], [ -93.305501514012036, 44.94669090861764 ], [ -93.305447173069325, 44.94669164824424 ], [ -93.305421047616107, 44.946693867124004 ], [ -93.305417912561722, 44.946702003015709 ], [ -93.3054226151433, 44.946707550213944 ], [ -93.305450830632779, 44.946708659653503 ], [ -93.305488451285427, 44.946743052269888 ], [ -93.305433065324593, 44.946722712553019 ], [ -93.305368796709644, 44.946695716190398 ], [ -93.305389174563174, 44.946678334963913 ], [ -93.305558467500077, 44.946672048136016 ], [ -93.305584592953338, 44.946672048136008 ], [ -93.30565095160452, 44.946652817834646 ], [ -93.305752318363034, 44.946644312122366 ], [ -93.305746570763276, 44.946610289260654 ], [ -93.305723580364457, 44.946589579682779 ], [ -93.305723580364457, 44.946567390841061 ], [ -93.305744480727029, 44.946548160504626 ], [ -93.305767471125861, 44.946540764219669 ], [ -93.305823902104834, 44.946524492389401 ], [ -93.305863612793758, 44.946505262038606 ], [ -93.305857342684959, 44.946480114647059 ], [ -93.305838532358663, 44.946462363540519 ], [ -93.305815541959831, 44.946444612428472 ], [ -93.305823902104834, 44.946423902790833 ], [ -93.305853162612465, 44.946406151666913 ], [ -93.305909593591409, 44.946386921276464 ], [ -93.30594512420781, 44.946385442015391 ], [ -93.306014095404322, 44.946366211617999 ], [ -93.30602663562189, 44.94632775080391 ], [ -93.306005735259305, 44.946311478913259 ], [ -93.305980654824211, 44.946284852173164 ], [ -93.305980654824211, 44.946258225420706 ], [ -93.306024545585615, 44.946227160860573 ], [ -93.306066346310772, 44.946210888941422 ], [ -93.306083066600848, 44.946212368207 ], [ -93.306149947761114, 44.946196096283629 ], [ -93.306183388341225, 44.946163552423087 ], [ -93.306158307906117, 44.946133967079312 ], [ -93.306131137434775, 44.946096985378148 ], [ -93.306147857724824, 44.946070358538556 ], [ -93.306175028196179, 44.946057045114124 ], [ -93.306227279102629, 44.946037814606726 ], [ -93.306277439972845, 44.946028938985748 ], [ -93.306317150661727, 44.946006749927314 ], [ -93.306321330734249, 44.945959413240651 ], [ -93.306300430371678, 44.945917993607793 ], [ -93.306279530009121, 44.945882491041559 ], [ -93.306312970589246, 44.945851426278097 ], [ -93.306354771314403, 44.945820361497816 ], [ -93.306377761713236, 44.94577450393431 ], [ -93.306367311531943, 44.945699060766231 ], [ -93.306300430371664, 44.945601428283894 ], [ -93.306235639247689, 44.945567404804066 ], [ -93.306216828921336, 44.945505274919306 ], [ -93.306231459175152, 44.945456458534089 ], [ -93.306200108631288, 44.945385452808793 ], [ -93.306137407543531, 44.945352908488665 ], [ -93.306122777289715, 44.945305571262828 ], [ -93.306149947761099, 44.945243441094682 ], [ -93.30619174848627, 44.945169476521109 ], [ -93.305888693228837, 44.945125097731228 ], [ -93.306187568413748, 44.945125097731228 ], [ -93.306227279102629, 44.945101429029251 ], [ -93.306264899755277, 44.945070363843101 ], [ -93.30635686135065, 44.945043736527317 ], [ -93.306381941785745, 44.944991961155715 ], [ -93.306310880552957, 44.944956458016748 ], [ -93.306087246673357, 44.944938706439054 ], [ -93.305863612793758, 44.944956458016748 ], [ -93.305372454273126, 44.944947582228586 ], [ -93.305299303004091, 44.944950540824806 ], [ -93.305276312605244, 44.944953499420862 ], [ -93.305267952460213, 44.944966813101225 ], [ -93.305276312605244, 44.94498752326453 ], [ -93.305265862423923, 44.94500527482716 ], [ -93.305234511880059, 44.944989002561641 ], [ -93.305109109704603, 44.94492243415467 ], [ -93.304812324555954, 44.944808528034798 ], [ -93.304461198464594, 44.944746397328686 ], [ -93.304488368935935, 44.944693882036582 ], [ -93.304498819117256, 44.944677609682792 ], [ -93.304527034606721, 44.944664295935347 ], [ -93.304536439769905, 44.944650242531921 ], [ -93.304515539407319, 44.944633230512657 ], [ -93.304478963772794, 44.944630271900095 ], [ -93.304467468573392, 44.944645064961392 ], [ -93.304452838319577, 44.944633230512657 ], [ -93.304105892300726, 44.944563703077122 ], [ -93.304022290850398, 44.944544472069445 ], [ -93.303978400088994, 44.944446837623431 ], [ -93.303909428892482, 44.944337368501657 ], [ -93.303842547732216, 44.944253047549303 ], [ -93.303589653344972, 44.944174643745654 ], [ -93.303405730154267, 44.944143578057997 ], [ -93.303269877797518, 44.944105115754731 ], [ -93.303215536854822, 44.944059256820999 ], [ -93.303163285948358, 44.943923159124587 ], [ -93.303104764933138, 44.943794457745284 ], [ -93.303058784135459, 44.943698301354054 ], [ -93.303008623265242, 44.9436450454373 ], [ -93.302862320727201, 44.94365244209537 ], [ -93.302722288297929, 44.943686466710147 ], [ -93.302636596811325, 44.943682028718072 ], [ -93.302571805687336, 44.943650962763819 ], [ -93.30253836510721, 44.943608062132711 ], [ -93.302515374708349, 44.943550368129969 ], [ -93.302519554780872, 44.943513384764387 ], [ -93.302561355506043, 44.943480839382964 ], [ -93.302676307500249, 44.943446814646286 ], [ -93.302720198261653, 44.943418707239928 ], [ -93.302730648442946, 44.943396517172538 ], [ -93.30271810822542, 44.943341781636327 ], [ -93.302638686847615, 44.943301839455351 ], [ -93.302484024164514, 44.943290004729711 ], [ -93.302402512750447, 44.943257459221662 ], [ -93.302369072170322, 44.943207161582002 ], [ -93.302358621989029, 44.943143549798165 ], [ -93.302381612387848, 44.943072541212011 ], [ -93.302423413113019, 44.942997094492995 ], [ -93.302502834490824, 44.942924606375442 ], [ -93.302548815288489, 44.942853597518486 ], [ -93.30256553557858, 44.94277371244943 ], [ -93.30255299536104, 44.942689389200389 ], [ -93.302504924527113, 44.942599148393164 ], [ -93.302475664019482, 44.942534056575305 ], [ -93.302442223439357, 44.942464526597441 ], [ -93.302404602786709, 44.942344698140097 ], [ -93.302387882496618, 44.94224262184953 ], [ -93.302410872895479, 44.942195282058961 ], [ -93.30223321981353, 44.942230786905547 ], [ -93.302180968907081, 44.942226348800915 ], [ -93.302080647166719, 44.942205637641493 ], [ -93.302009585933931, 44.942210075747717 ], [ -93.301946884846203, 44.942229307537382 ], [ -93.301942704773666, 44.94225149805591 ], [ -93.301959425063728, 44.942278126666835 ], [ -93.301917624338571, 44.942307713997813 ], [ -93.301861193359628, 44.94231954892593 ], [ -93.301811032489411, 44.942337301313543 ], [ -93.301785952054331, 44.942365409249355 ], [ -93.301779681945533, 44.942396475899258 ], [ -93.301750421437944, 44.942457129786312 ], [ -93.301714890821543, 44.942482278940211 ], [ -93.301654279770077, 44.942504469360976 ], [ -93.30161038900863, 44.942529618494113 ], [ -93.301622929226198, 44.942565123133939 ], [ -93.301585308573522, 44.942590272240516 ], [ -93.301537237739595, 44.942599148393164 ], [ -93.301518427413285, 44.942588792881615 ], [ -93.301530967630825, 44.942568081852933 ], [ -93.30155186799341, 44.94256068505517 ], [ -93.30156440821095, 44.942545891456767 ], [ -93.301215372155895, 44.942520742330728 ], [ -93.301020998783898, 44.942519262970045 ], [ -93.300914406934737, 44.942510386805054 ], [ -93.300887236463382, 44.942505948722051 ], [ -93.300866336100796, 44.942491155109551 ], [ -93.300889326499629, 44.942482278940211 ], [ -93.300926947152263, 44.942468964683641 ], [ -93.300908136825939, 44.942452691699209 ], [ -93.300866336100796, 44.942446774249163 ], [ -93.300868426137043, 44.942438267913673 ], [ -93.300872083700483, 44.942435309187999 ], [ -93.300865291082673, 44.942427172691573 ], [ -93.300829760466272, 44.942424213965332 ], [ -93.300850138319788, 44.94240239335447 ], [ -93.300836030575056, 44.942390188602431 ], [ -93.300799454940531, 44.942385750510127 ], [ -93.300764969342268, 44.942361340996342 ], [ -93.300707493345158, 44.942362820361119 ], [ -93.300648972329924, 44.942328055279013 ], [ -93.300572686006504, 44.942316220352637 ], [ -93.300501624773744, 44.942288112392738 ], [ -93.300491174592452, 44.942251128214011 ], [ -93.300445193794772, 44.942223020222237 ], [ -93.300263360640329, 44.942218582117 ], [ -93.300443103758511, 44.94220156937714 ], [ -93.300539245426378, 44.942181597893487 ], [ -93.300642702221154, 44.942153489867678 ], [ -93.300713763453913, 44.942113546859957 ], [ -93.300784824686716, 44.942042536999821 ], [ -93.300798409922393, 44.941994457357168 ], [ -93.300811995158071, 44.941939720484214 ], [ -93.300834985556889, 44.941921967973656 ], [ -93.300844390720073, 44.941854656321318 ], [ -93.300829760466272, 44.94182063062086 ], [ -93.300875741263937, 44.941750360088712 ], [ -93.300888281481491, 44.941667514719292 ], [ -93.300854840901337, 44.941601682152999 ], [ -93.30080049995864, 44.941563218146726 ], [ -93.30073988890716, 44.941538068590241 ], [ -93.300704358290758, 44.94148481066955 ], [ -93.300646882293691, 44.94145744199664 ], [ -93.300701223236388, 44.941376075594732 ], [ -93.300597766441612, 44.941260683045194 ], [ -93.300568505934024, 44.941131975697118 ], [ -93.3005287952451, 44.941063923419463 ], [ -93.300514164991313, 44.940984035860147 ], [ -93.300472364266156, 44.940958886049955 ], [ -93.30040234805152, 44.940947050841338 ], [ -93.300248730386556, 44.940972200656724 ], [ -93.300205884643262, 44.940964803653344 ], [ -93.300134823410502, 44.940972200656724 ], [ -93.300077347413378, 44.940987734360725 ], [ -93.300031366615698, 44.94096332425255 ], [ -93.299990610908679, 44.94095666694853 ], [ -93.299927909820923, 44.940942612637485 ], [ -93.299890289168275, 44.940945571440103 ], [ -93.299858938624411, 44.940945571440103 ], [ -93.299773247137836, 44.940924120117707 ], [ -93.29970218590509, 44.940932996527941 ], [ -93.299658295143672, 44.940940393535428 ], [ -93.299715771140768, 44.940983296160006 ], [ -93.299741374084917, 44.940991063011019 ], [ -93.299761229429393, 44.941000309260872 ], [ -93.299771157101603, 44.941011774608619 ], [ -93.299762274447502, 44.941019911305631 ], [ -93.299747121684632, 44.941025089203123 ], [ -93.299743464121192, 44.941032486198743 ], [ -93.299746599175563, 44.941036924395647 ], [ -93.299786832373556, 44.941042102291597 ], [ -93.299796760045751, 44.941047280187092 ], [ -93.299795715027642, 44.941054307330248 ], [ -93.299781084773841, 44.941063553569904 ], [ -93.299775337174125, 44.941070210861525 ], [ -93.299784742337266, 44.941079457098638 ], [ -93.299804075172673, 44.941078347550253 ], [ -93.299821317971805, 44.94107464905553 ], [ -93.299831768153069, 44.941083895291925 ], [ -93.299821317971777, 44.94110386715743 ], [ -93.299832813171207, 44.941119400825798 ], [ -93.299845875897816, 44.941125688261806 ], [ -93.299819750444584, 44.941142331471433 ], [ -93.299830723134917, 44.941148249055907 ], [ -93.299879838986996, 44.941160823920917 ], [ -93.299892901713619, 44.941176727422715 ], [ -93.299887154113904, 44.941198918348093 ], [ -93.299896559277045, 44.941219260022137 ], [ -93.299912234548984, 44.941232944417003 ], [ -93.299909622003682, 44.94125328607899 ], [ -93.299905441931159, 44.941259203652038 ], [ -93.299932612402529, 44.94127325788557 ], [ -93.299967098000764, 44.94128620257132 ], [ -93.299960305382939, 44.941313201477904 ], [ -93.29999583599934, 44.941357213366906 ], [ -93.300043906833267, 44.941468907253096 ], [ -93.300044429342321, 44.941501823621806 ], [ -93.300088842612809, 44.941562848300386 ], [ -93.300133255883267, 44.94159761384585 ], [ -93.300137958464873, 44.941618325224624 ], [ -93.300157813809321, 44.94163866675008 ], [ -93.300149453664275, 44.941665665490923 ], [ -93.300163561409036, 44.941671213175816 ], [ -93.300171921554053, 44.941674541786504 ], [ -93.300175579117521, 44.941683418080729 ], [ -93.300162516390898, 44.941709307264333 ], [ -93.300177669153769, 44.941720032779841 ], [ -93.300178714171906, 44.941730018602833 ], [ -93.30014631860989, 44.941730388448086 ], [ -93.30013743595579, 44.941736675817189 ], [ -93.30014004850112, 44.941751099778976 ], [ -93.300167218972476, 44.941754798230129 ], [ -93.300206407152302, 44.941764414202019 ], [ -93.300294711184222, 44.941807686055611 ], [ -93.300090932649056, 44.941787344590033 ], [ -93.299902829385815, 44.941783646140983 ], [ -93.299797805063847, 44.941776249242139 ], [ -93.29975861688402, 44.941778098466948 ], [ -93.299666655288689, 44.94179215257347 ], [ -93.299647844962337, 44.94179215257347 ], [ -93.299539163076943, 44.941775139707246 ], [ -93.299361509994995, 44.941770701567393 ], [ -93.299274773490296, 44.9417633046669 ], [ -93.299183856913075, 44.941730758293353 ], [ -93.299101300480856, 44.941715964481098 ], [ -93.299076220045805, 44.941695253137539 ], [ -93.299050094592587, 44.941662706725438 ], [ -93.299045914520079, 44.941634598445575 ], [ -93.299052184628835, 44.941619064916608 ], [ -93.299044869501927, 44.941590216923053 ], [ -93.299022924121246, 44.941573943689519 ], [ -93.299011428921816, 44.941547314752 ], [ -93.299018744048709, 44.94152364457495 ], [ -93.298998888704276, 44.941492577452735 ], [ -93.299000978740523, 44.94147778357911 ], [ -93.298954997942829, 44.941463729395615 ], [ -93.298939322670904, 44.941451894291092 ], [ -93.298923647398951, 44.941440798878354 ], [ -93.298915287253905, 44.94143118285227 ], [ -93.298919467326428, 44.941425635144178 ], [ -93.298930962525858, 44.941417498504677 ], [ -93.298943502743398, 44.941411211100622 ], [ -93.298963358087875, 44.941407882474671 ], [ -93.298980600886992, 44.941406772932638 ], [ -93.298991573577325, 44.941413800031782 ] ] ] } },
{ "type": "Feature", "properties": { "id": 2 }, "geometry": { "type": "MultiLineString", "coordinates": [ [ [ -93.305484208999061, 44.946739173992476 ], [ -93.305488451285427, 44.946743052269888 ], [ -93.305433065324593, 44.946722712553019 ], [ -93.305368796709644, 44.946695716190398 ], [ -93.305389174563174, 44.946678334963913 ], [ -93.305558467500077, 44.946672048136016 ], [ -93.305584592953338, 44.946672048136008 ], [ -93.30565095160452, 44.946652817834646 ], [ -93.305752318363034, 44.946644312122366 ], [ -93.305746570763276, 44.946610289260654 ], [ -93.305723580364457, 44.946589579682779 ], [ -93.305723580364457, 44.946567390841061 ], [ -93.305744480727029, 44.946548160504626 ], [ -93.305767471125861, 44.946540764219669 ], [ -93.305823902104834, 44.946524492389401 ], [ -93.305863612793758, 44.946505262038606 ], [ -93.305857342684959, 44.946480114647059 ], [ -93.305838532358663, 44.946462363540519 ], [ -93.305815541959831, 44.946444612428472 ], [ -93.305823902104834, 44.946423902790833 ], [ -93.305853162612465, 44.946406151666913 ], [ -93.305909593591409, 44.946386921276464 ], [ -93.30594512420781, 44.946385442015391 ], [ -93.306014095404322, 44.946366211617999 ], [ -93.30602663562189, 44.94632775080391 ], [ -93.306005735259305, 44.946311478913259 ], [ -93.305980654824211, 44.946284852173164 ], [ -93.305980654824211, 44.946258225420706 ], [ -93.306024545585615, 44.946227160860573 ], [ -93.306066346310772, 44.946210888941422 ], [ -93.306083066600848, 44.946212368207 ], [ -93.306149947761114, 44.946196096283629 ], [ -93.306183388341225, 44.946163552423087 ], [ -93.306158307906117, 44.946133967079312 ], [ -93.306131137434775, 44.946096985378148 ], [ -93.306147857724824, 44.946070358538556 ], [ -93.306175028196179, 44.946057045114124 ], [ -93.306227279102629, 44.946037814606726 ], [ -93.306277439972845, 44.946028938985748 ], [ -93.306317150661727, 44.946006749927314 ], [ -93.306321330734249, 44.945959413240651 ], [ -93.306300430371678, 44.945917993607793 ], [ -93.306279530009121, 44.945882491041559 ], [ -93.306312970589246, 44.945851426278097 ], [ -93.306354771314403, 44.945820361497816 ], [ -93.306377761713236, 44.94577450393431 ], [ -93.306367311531943, 44.945699060766231 ], [ -93.306300430371664, 44.945601428283894 ], [ -93.306235639247689, 44.945567404804066 ], [ -93.306216828921336, 44.945505274919306 ], [ -93.306231459175152, 44.945456458534089 ], [ -93.306200108631288, 44.945385452808793 ], [ -93.306137407543531, 44.945352908488665 ], [ -93.306122777289715, 44.945305571262828 ], [ -93.306149947761099, 44.945243441094682 ], [ -93.30619174848627, 44.945169476521109 ], [ -93.305888693228837, 44.945125097731228 ], [ -93.306187568413748, 44.945125097731228 ], [ -93.306227279102629, 44.945101429029251 ], [ -93.306264899755277, 44.945070363843101 ], [ -93.30635686135065, 44.945043736527317 ], [ -93.306381941785745, 44.944991961155715 ], [ -93.306310880552957, 44.944956458016748 ], [ -93.306087246673357, 44.944938706439054 ], [ -93.305863612793758, 44.944956458016748 ], [ -93.305372454273126, 44.944947582228586 ], [ -93.305299303004091, 44.944950540824806 ], [ -93.305276312605244, 44.944953499420862 ], [ -93.305267952460213, 44.944966813101225 ], [ -93.305276312605244, 44.94498752326453 ], [ -93.305265862423923, 44.94500527482716 ], [ -93.305234511880059, 44.944989002561641 ], [ -93.305109109704603, 44.94492243415467 ], [ -93.304812324555954, 44.944808528034798 ], [ -93.304461198464594, 44.944746397328686 ], [ -93.304488368935935, 44.944693882036582 ], [ -93.304498819117256, 44.944677609682792 ], [ -93.304527034606721, 44.944664295935347 ], [ -93.304536439769905, 44.944650242531921 ], [ -93.304515539407319, 44.944633230512657 ], [ -93.304478963772794, 44.944630271900095 ], [ -93.304467468573392, 44.944645064961392 ], [ -93.304452838319577, 44.944633230512657 ], [ -93.304105892300726, 44.944563703077122 ], [ -93.304022290850398, 44.944544472069445 ], [ -93.303978400088994, 44.944446837623431 ], [ -93.303909428892482, 44.944337368501657 ], [ -93.303842547732216, 44.944253047549303 ], [ -93.303589653344972, 44.944174643745654 ], [ -93.303405730154267, 44.944143578057997 ], [ -93.303269877797518, 44.944105115754731 ], [ -93.303215536854822, 44.944059256820999 ], [ -93.303163285948358, 44.943923159124587 ], [ -93.303104764933138, 44.943794457745284 ], [ -93.303058784135459, 44.943698301354054 ], [ -93.303008623265242, 44.9436450454373 ], [ -93.302862320727201, 44.94365244209537 ], [ -93.302722288297929, 44.943686466710147 ], [ -93.302636596811325, 44.943682028718072 ], [ -93.302571805687336, 44.943650962763819 ], [ -93.30253836510721, 44.943608062132711 ], [ -93.302515374708349, 44.943550368129969 ], [ -93.302519554780872, 44.943513384764387 ], [ -93.302561355506043, 44.943480839382964 ], [ -93.302676307500249, 44.943446814646286 ], [ -93.302720198261653, 44.943418707239928 ], [ -93.302730648442946, 44.943396517172538 ], [ -93.30271810822542, 44.943341781636327 ], [ -93.302638686847615, 44.943301839455351 ], [ -93.302484024164514, 44.943290004729711 ], [ -93.302402512750447, 44.943257459221662 ], [ -93.302369072170322, 44.943207161582002 ], [ -93.302358621989029, 44.943143549798165 ], [ -93.302381612387848, 44.943072541212011 ], [ -93.302423413113019, 44.942997094492995 ], [ -93.302502834490824, 44.942924606375442 ], [ -93.302548815288489, 44.942853597518486 ], [ -93.30256553557858, 44.94277371244943 ], [ -93.30255299536104, 44.942689389200389 ], [ -93.302504924527113, 44.942599148393164 ], [ -93.302475664019482, 44.942534056575305 ], [ -93.302442223439357, 44.942464526597441 ], [ -93.302404602786709, 44.942344698140097 ], [ -93.302387882496618, 44.94224262184953 ], [ -93.302410872895479, 44.942195282058961 ], [ -93.302405243998905, 44.942196407021768 ] ], [ [ -93.302405243998891, 44.942196407021768 ], [ -93.302415708192058, 44.942175758359639 ], [ -93.302524492130033, 44.942183013626732 ], [ -93.302581363976017, 44.94219366248484 ], [ -93.30260021104128, 44.942266683172882 ], [ -93.302611122500068, 44.942304597724288 ], [ -93.30263096151613, 44.942307406208563 ], [ -93.302663695892591, 44.942299682876438 ], [ -93.302672623449823, 44.94231161893476 ], [ -93.302684526859423, 44.942345320733068 ], [ -93.30268551881025, 44.94237200130938 ], [ -93.302711309531105, 44.942384639472778 ], [ -93.302735116350362, 44.94246117051393 ], [ -93.302767850726823, 44.942507510360819 ], [ -93.302812488512913, 44.942536999334791 ], [ -93.302931522609157, 44.942568594647263 ], [ -93.303086266934287, 44.942587551826406 ], [ -93.303348141946003, 44.942598083589893 ], [ -93.303520741385569, 44.94260018994234 ], [ -93.303717147644363, 44.942635997922423 ], [ -93.303755833725646, 44.942688656676083 ], [ -93.303842133445414, 44.94285505802015 ], [ -93.303910578050747, 44.943072010946935 ], [ -93.303946288279633, 44.943145732628643 ], [ -93.304024274448025, 44.943223112457673 ], [ -93.304252785079001, 44.94325763044084 ], [ -93.304505679466331, 44.943260589124151 ], [ -93.304539816725224, 44.943331597477737 ], [ -93.304605304528025, 44.943260096010277 ], [ -93.30469796280218, 44.943268478945555 ], [ -93.304717469807258, 44.943266999604127 ], [ -93.304740840872057, 44.943272112434158 ], [ -93.304770599396122, 44.943265793450479 ], [ -93.304842019853879, 44.943270006106339 ], [ -93.30494617468807, 44.943276325089535 ], [ -93.305118774127664, 44.943307919995128 ], [ -93.305184242880571, 44.943282644072049 ], [ -93.305145556799303, 44.943029884229183 ], [ -93.305130677537292, 44.942865589734559 ], [ -93.305142580946907, 44.942743421728643 ], [ -93.305142580946907, 44.942595977237346 ], [ -93.305103894865638, 44.942507510360798 ], [ -93.304856899115933, 44.942052535699546 ], [ -93.304877730082765, 44.942037791090009 ], [ -93.304906000680631, 44.942042003835979 ], [ -93.30496551772876, 44.942038844276546 ], [ -93.305036938186475, 44.942031471970481 ], [ -93.305115798275239, 44.942034631530333 ], [ -93.305202097995021, 44.942063067561179 ], [ -93.305227392740477, 44.942075705792575 ], [ -93.305438678261325, 44.942318991204829 ], [ -93.305504147014261, 44.942352692998838 ], [ -93.305644749227483, 44.94238801749762 ], [ -93.3058227506489, 44.942265969829428 ], [ -93.305835290866455, 44.942261531727532 ], [ -93.30584434769024, 44.94226991480862 ], [ -93.305836684223962, 44.942276818521528 ], [ -93.305685156595203, 44.9424013317727 ], [ -93.305706753636528, 44.942408482030402 ], [ -93.305742632592299, 44.942420316937607 ], [ -93.305784433317498, 44.942434370887071 ], [ -93.305975819620599, 44.942498031758809 ], [ -93.306146931133966, 44.94250645718288 ], [ -93.306251085968185, 44.942501191292969 ], [ -93.306395414809884, 44.942518042138978 ], [ -93.306469811120053, 44.9425117230723 ], [ -93.306507009275137, 44.942507510360819 ], [ -93.306535279872989, 44.942508563538709 ], [ -93.306587357290084, 44.94252752073767 ], [ -93.306596284847302, 44.942548584284729 ], [ -93.306582893511461, 44.942573860530985 ], [ -93.306530816094366, 44.94259703041363 ], [ -93.306507009275137, 44.942626519341637 ], [ -93.306477250751072, 44.942717092382971 ], [ -93.306446004300781, 44.942770804235344 ], [ -93.30643856466979, 44.94281819700452 ], [ -93.306446004300781, 44.942858217534678 ], [ -93.306459395636622, 44.942927726810261 ], [ -93.306469811120053, 44.942946683870808 ], [ -93.306474274898648, 44.942960375077305 ], [ -93.306481714529681, 44.94296142824691 ], [ -93.306487666234489, 44.942959321907686 ], [ -93.306481714529681, 44.94294879021048 ], [ -93.306471299046251, 44.94290876974344 ], [ -93.306460883562835, 44.942838207273084 ], [ -93.30646534734143, 44.942761325676798 ], [ -93.306509985127533, 44.942692869374291 ], [ -93.306524864389544, 44.942634944746864 ], [ -93.306563550470813, 44.942598083589893 ], [ -93.306602236552138, 44.942585445473483 ], [ -93.306614139961752, 44.942559116055364 ], [ -93.306609676183129, 44.942521201672051 ], [ -93.306548671208816, 44.942495925402589 ], [ -93.306435588817365, 44.942501191292983 ], [ -93.306377559695449, 44.94250645718288 ], [ -93.306264477303998, 44.942491712689936 ], [ -93.306127588093332, 44.942488553155243 ], [ -93.306063607266623, 44.942489606333503 ], [ -93.305956476580008, 44.942479074550107 ], [ -93.30581819401182, 44.942433294738336 ], [ -93.30564261871983, 44.942372210308442 ], [ -93.305694601568277, 44.942261066200196 ], [ -93.305687161937257, 44.942250534374892 ], [ -93.305679722306223, 44.942255800287782 ], [ -93.305667818896609, 44.942266332112112 ], [ -93.305618717331924, 44.94235901208301 ], [ -93.305544321021756, 44.942344267552187 ], [ -93.305460997154398, 44.942305299845387 ], [ -93.305426774851725, 44.94227897029878 ], [ -93.305353866467755, 44.942189449750018 ], [ -93.305255663338357, 44.942084131278634 ], [ -93.30516489983998, 44.942029365597165 ], [ -93.30499081247423, 44.942011461420734 ], [ -93.304932783352299, 44.942020940103063 ], [ -93.30492534372128, 44.941956695669937 ], [ -93.30492534372128, 44.941929312774953 ], [ -93.304946174688126, 44.941897717110663 ], [ -93.304968493581157, 44.941829259778402 ], [ -93.305005691736227, 44.941781866192841 ], [ -93.305011643441063, 44.941731312991791 ], [ -93.304996764179023, 44.941706036374576 ], [ -93.305010155514864, 44.941675493780615 ], [ -93.305023546850677, 44.94162388729179 ], [ -93.304989324547989, 44.94158386590118 ], [ -93.304953614319132, 44.941551216851337 ], [ -93.304931295426101, 44.941522780566977 ], [ -93.304926831647478, 44.941469067547004 ], [ -93.30493575920471, 44.941419567268426 ], [ -93.304904512754447, 44.941337417775742 ], [ -93.304859874968344, 44.941301608985718 ], [ -93.304897073123428, 44.941263693771951 ], [ -93.304839044001511, 44.941250002160835 ], [ -93.304804821698838, 44.941255268165499 ], [ -93.304786966584373, 44.941248948959846 ], [ -93.304724473683862, 44.941240523351205 ], [ -93.304656029078529, 44.941213140114655 ], [ -93.304593536177975, 44.941199448491474 ], [ -93.30455633802292, 44.941200501693359 ], [ -93.304529555351266, 44.941195235683679 ], [ -93.304483429638964, 44.941115192276953 ], [ -93.304449207336305, 44.941024616708432 ], [ -93.304456646967296, 44.940986701311751 ], [ -93.304452183188701, 44.94090244478501 ], [ -93.304441767705285, 44.940838199100298 ], [ -93.304388202361977, 44.940762368035649 ], [ -93.30431678190422, 44.94071813320172 ], [ -93.304258752782303, 44.940709707515182 ], [ -93.304066810302118, 44.940707601093372 ], [ -93.303990926065751, 44.940715500174811 ], [ -93.303899418604303, 44.940716553385585 ], [ -93.303767737135303, 44.940708654304288 ], [ -93.303697804603772, 44.940700755221911 ], [ -93.303641263408053, 44.940684957053882 ], [ -93.303622664330504, 44.940670738698934 ], [ -93.303586210138519, 44.940628610219179 ], [ -93.303576538618231, 44.940611232212284 ], [ -93.303546036131067, 44.940601226690788 ], [ -93.303516277606988, 44.940599120264977 ], [ -93.303487263046023, 44.940583322068974 ], [ -93.303476103599507, 44.940564890834835 ], [ -93.303454528669576, 44.940493798876254 ], [ -93.303458248485057, 44.940300533625425 ], [ -93.303428489961021, 44.940145710312116 ], [ -93.303350373835357, 44.939964555973326 ], [ -93.30330722397548, 44.939903468916256 ], [ -93.303302760196857, 44.939887143915861 ], [ -93.303312431717174, 44.939863972939591 ], [ -93.303327310979213, 44.939854493901159 ], [ -93.303352605724655, 44.939846594701251 ], [ -93.303375668580827, 44.939837642273389 ], [ -93.303378644433224, 44.939825530162885 ], [ -93.303356325540179, 44.939806572071753 ], [ -93.303329542868511, 44.93979709302382 ], [ -93.303285649045549, 44.939736005788596 ], [ -93.303182238174415, 44.93968018463751 ], [ -93.303069899746077, 44.939643848198678 ], [ -93.303017822328982, 44.939635422354506 ], [ -93.302933010535398, 44.939633842508584 ], [ -93.302836295332199, 44.939649640965833 ], [ -93.302723212940776, 44.939694929852514 ], [ -93.302648816630622, 44.939724420271148 ], [ -93.302597483176612, 44.939743905003731 ], [ -93.302457618113536, 44.939763389729691 ], [ -93.302304361714604, 44.939769182484781 ], [ -93.302148129463305, 44.939762336501417 ], [ -93.302038022924251, 44.939755490517264 ], [ -93.301984457580957, 44.939749171146531 ], [ -93.301883278599135, 44.939721260584172 ], [ -93.301857239890609, 44.939712308136755 ], [ -93.301825249477218, 44.939708095219842 ], [ -93.301706959344088, 44.93968966370474 ], [ -93.301483770413668, 44.939750750989298 ], [ -93.30128141245001, 44.93986976568457 ], [ -93.301122204346314, 44.94004460098423 ], [ -93.30105227181474, 44.940183626264222 ], [ -93.301026977069313, 44.940318438335431 ], [ -93.301024001216902, 44.94044271793318 ], [ -93.301092445822249, 44.940554358698385 ], [ -93.301128156051092, 44.94068074420835 ], [ -93.30105971144576, 44.940765001060434 ], [ -93.301026977069313, 44.940800810185138 ], [ -93.301044832183706, 44.940874534783305 ], [ -93.300676942430002, 44.940886646672524 ], [ -93.300498391285657, 44.940900338370284 ], [ -93.300541541145577, 44.941036201963556 ], [ -93.300531125662161, 44.941228938137364 ], [ -93.300550468702809, 44.941356375361416 ], [ -93.300569811743443, 44.941465907956037 ], [ -93.300636768422578, 44.941545950873824 ], [ -93.300670990725266, 44.941737632144388 ], [ -93.300706700954109, 44.941880866082627 ], [ -93.300678430356257, 44.942010408233735 ], [ -93.300702237175514, 44.942100982247055 ], [ -93.300681406208639, 44.942146269200137 ], [ -93.300581715153058, 44.942189449750032 ], [ -93.300383820968023, 44.94221156660447 ], [ -93.300217173233293, 44.942227364352433 ], [ -93.30015616825898, 44.942214726154418 ], [ -93.300148728627946, 44.942192609301188 ], [ -93.300150216554144, 44.942169439255338 ] ] ] } },
{ "type": "Feature", "properties": { "id": 3 }, "geometry": { "type": "MultiLineString", "coordinates": [ [ [ -93.300150288906465, 44.942169568857381 ], [ -93.300148405749866, 44.942192080663382 ], [ -93.300155729136648, 44.942214888668367 ], [ -93.300218419652438, 44.942227222430589 ], [ -93.300386148602229, 44.942211291003076 ], [ -93.300582591600232, 44.942189187150746 ], [ -93.300681345813587, 44.942146331657554 ], [ -93.300701919608031, 44.942100563619768 ], [ -93.300678406700101, 44.942009859582548 ], [ -93.300706034366925, 44.94188129260538 ], [ -93.300672087606102, 44.941742323445411 ], [ -93.300636671288501, 44.941546351393711 ], [ -93.300569071678211, 44.941464800194183 ], [ -93.300530863202795, 44.941229715731005 ], [ -93.300534390138964, 44.94115357312328 ], [ -93.300540856188618, 44.94103540625342 ], [ -93.300497945131653, 44.940899763701566 ], [ -93.300676367690215, 44.940886384065145 ], [ -93.300964088531501, 44.940877295272472 ], [ -93.300981723212459, 44.940885200831858 ], [ -93.301001709184177, 44.940893522472159 ], [ -93.301026985560242, 44.94089809937379 ], [ -93.301056964517841, 44.940901011947375 ], [ -93.301093409525151, 44.94090309235699 ], [ -93.301125739773553, 44.940902260193148 ], [ -93.301138084050223, 44.940900595865443 ], [ -93.301178055993731, 44.940897683291844 ], [ -93.301187755068185, 44.940906004930312 ], [ -93.301167769096466, 44.940907253175993 ], [ -93.301117216344366, 44.940911413994669 ], [ -93.301081946982478, 44.940910997912823 ], [ -93.301054319315654, 44.940907669257861 ], [ -93.30104373850709, 44.940914742649419 ], [ -93.301013171726765, 44.940949277430946 ], [ -93.300964970265497, 44.941016682607355 ], [ -93.300951450343405, 44.941046224357251 ], [ -93.300957916393102, 44.941074101769281 ], [ -93.300976138896758, 44.941098650523891 ], [ -93.301010820435977, 44.941128192231616 ], [ -93.301063724478851, 44.941165639444904 ], [ -93.301125445862141, 44.941198093676682 ], [ -93.301174822968832, 44.941214736865341 ], [ -93.301236544352179, 44.941225971014951 ], [ -93.301323542111547, 44.941234292605863 ], [ -93.301411127693612, 44.941237621241868 ], [ -93.301482254240142, 44.941241365957168 ], [ -93.301570427644876, 44.941245526751636 ], [ -93.301633324673631, 44.94124968754582 ], [ -93.30167506008523, 44.94125218402219 ], [ -93.30171503202871, 44.941260089529955 ], [ -93.301723852070637, 44.941261148965353 ], [ -93.301812022773944, 44.941271739749943 ], [ -93.301858460767122, 44.941276316621433 ], [ -93.301926648200123, 44.94127798093826 ], [ -93.302036571044752, 44.941272987987666 ], [ -93.302145906066656, 44.941269243274427 ], [ -93.302241133343813, 44.941272571908435 ], [ -93.302382798614147, 44.941286302521618 ], [ -93.302527402997967, 44.94128671860075 ], [ -93.302566199296081, 44.941286302521618 ], [ -93.302596766076391, 44.941290047233721 ], [ -93.302618515516215, 44.941293375866522 ], [ -93.30264496753766, 44.94130544215875 ], [ -93.302709040211795, 44.941344553571334 ], [ -93.302719621020373, 44.941348714358334 ], [ -93.302750187800697, 44.941352875145036 ], [ -93.302762532077367, 44.941355371616922 ], [ -93.302784281517191, 44.941365357503336 ], [ -93.302824253460699, 44.941384081035693 ], [ -93.302859522822615, 44.941399059857183 ], [ -93.302931237191814, 44.94142402455099 ], [ -93.302992958575146, 44.9414444123762 ], [ -93.303038220922929, 44.941456894714591 ], [ -93.303071726816754, 44.941462303727064 ], [ -93.303097591015458, 44.941465216272029 ], [ -93.303154021994544, 44.941466048427699 ], [ -93.303186940065657, 44.941471457439292 ], [ -93.303240431931201, 44.941488516626393 ], [ -93.303264532661842, 44.941495173868759 ], [ -93.303290396860575, 44.94149975072245 ], [ -93.303319787995505, 44.941497254256852 ], [ -93.303363286875168, 44.941489348781737 ], [ -93.303482614882952, 44.941467712739019 ], [ -93.303504364322819, 44.941466048427699 ], [ -93.303571963933123, 44.94146729666118 ], [ -93.303620753217103, 44.941470209205903 ], [ -93.303641914834245, 44.941474786061576 ], [ -93.303661900805992, 44.941484771927222 ], [ -93.303672481614569, 44.941495173868759 ], [ -93.303701872749485, 44.941532620842708 ], [ -93.303750074210768, 44.94158671087304 ], [ -93.303775938409487, 44.941608762947723 ], [ -93.303805329544417, 44.941620413096963 ], [ -93.303888506456246, 44.941649330421455 ], [ -93.304012830956992, 44.941703004265733 ], [ -93.304083957503508, 44.941734626041971 ], [ -93.304141564127946, 44.941762919195412 ], [ -93.304257953022258, 44.941840309220396 ], [ -93.304262655603836, 44.941850295022469 ], [ -93.304267946008125, 44.941863609422533 ], [ -93.304281465930202, 44.941876507744659 ], [ -93.304299688433844, 44.941890238213411 ], [ -93.30431673529209, 44.941906465126785 ], [ -93.304338484731929, 44.941931429599954 ], [ -93.304409611278444, 44.942023798056283 ], [ -93.304426070314008, 44.942043353521228 ], [ -93.304441941526861, 44.942055003582269 ], [ -93.304458988385107, 44.942063741126518 ], [ -93.30449602121513, 44.942071230449081 ], [ -93.304543634853701, 44.942074559036577 ], [ -93.304592424137681, 44.942077055477078 ], [ -93.304632396081175, 44.94207539118343 ], [ -93.304687651414838, 44.942064573273505 ], [ -93.304742906748501, 44.942055835729398 ], [ -93.304780527401192, 44.942050842846463 ], [ -93.304867525160589, 44.942042521373907 ], [ -93.304890450245807, 44.942044185668514 ], [ -93.304928658721195, 44.942043353521221 ], [ -93.304961576792309, 44.942041273152917 ], [ -93.304996846154239, 44.942037112416109 ], [ -93.305054452778663, 44.942033367752714 ], [ -93.305094424722171, 44.942032951678996 ], [ -93.305125579325193, 44.942035448121302 ], [ -93.305152619169348, 44.942040857079263 ], [ -93.305175544254553, 44.94204834640481 ], [ -93.305198469339814, 44.942060412538389 ], [ -93.30522550918397, 44.942077055477078 ], [ -93.305427720192213, 44.94231088825557 ], [ -93.305466516490299, 44.942335020409821 ], [ -93.305501785852215, 44.942350415054641 ], [ -93.305545284731906, 44.942362897196055 ], [ -93.305595837483949, 44.94237080255089 ], [ -93.305619350391908, 44.942378291833393 ], [ -93.305641099831746, 44.942386613257277 ], [ -93.305952058039239, 44.942492711305945 ], [ -93.305972631833683, 44.942495623798628 ], [ -93.306024360231149, 44.942501032713224 ], [ -93.306073737337798, 44.942504361275816 ], [ -93.306130168316869, 44.94250560948673 ], [ -93.306196004459082, 44.942501448783574 ], [ -93.306260664955929, 44.942498120220819 ], [ -93.306306515126394, 44.942506441627323 ], [ -93.30633708190669, 44.942511538488212 ], [ -93.306356480055754, 44.942514034909699 ], [ -93.306474044595404, 44.942511954558469 ], [ -93.306510489602715, 44.942505713504296 ], [ -93.306544583319251, 44.942510290277426 ], [ -93.306582203971956, 44.942524852734927 ], [ -93.306595136071351, 44.942535566540592 ], [ -93.306597928229166, 44.942543991959177 ], [ -93.306596311716717, 44.942558138338207 ], [ -93.306588670021625, 44.94256812401543 ], [ -93.306575150099562, 44.942576445411781 ], [ -93.306556339773209, 44.942586015016118 ], [ -93.306534002510674, 44.942597248897407 ], [ -93.306519894765913, 44.942608066706946 ], [ -93.306508726134624, 44.942628038042294 ], [ -93.306497557503377, 44.942659243239845 ], [ -93.306492267099088, 44.942678798488345 ], [ -93.306482861935891, 44.942700850143552 ], [ -93.30647051765925, 44.942719157171624 ], [ -93.306459349027961, 44.94273538385071 ], [ -93.306445829105854, 44.942764508647826 ], [ -93.306447004751277, 44.942778238904211 ], [ -93.306455234269052, 44.942792385225516 ], [ -93.306468754191116, 44.942803619066446 ], [ -93.306486388872074, 44.942808611883919 ], [ -93.306628054142408, 44.942823590333759 ], [ -93.306577501390336, 44.942822342129745 ], [ -93.306545758964631, 44.942823174265754 ], [ -93.306516955652384, 44.942827334945605 ], [ -93.306498733148743, 44.942831079557202 ], [ -93.306479334999693, 44.942837736643902 ], [ -93.306461700318721, 44.942849386543749 ], [ -93.306451119510172, 44.942863948915232 ], [ -93.306447592573974, 44.942878511283041 ], [ -93.30645229515558, 44.94289889859175 ], [ -93.306459936850644, 44.942925942969694 ], [ -93.306481980201852, 44.942967133613138 ], [ -93.306478159354299, 44.942967757713568 ], [ -93.30646728463438, 44.942969838048299 ], [ -93.306454352534985, 44.942972334449856 ], [ -93.306444359549118, 44.942977119219229 ], [ -93.306433778740541, 44.942984192355809 ], [ -93.306423785754689, 44.942982112021603 ], [ -93.306367354775645, 44.942975038884761 ], [ -93.306329734122926, 44.942973374617146 ], [ -93.306260371044516, 44.942969213947883 ], [ -93.30620158877467, 44.94297670315234 ], [ -93.306138103923246, 44.942986688756754 ], [ -93.306019363738145, 44.943019141959113 ], [ -93.305902974843846, 44.943046602346797 ], [ -93.305808923212098, 44.943066573529578 ], [ -93.305728979325096, 44.943082384044352 ], [ -93.30567725092763, 44.943104851610485 ], [ -93.305645508501911, 44.943129815562557 ], [ -93.305633752047939, 44.943167261470315 ], [ -93.305645508501911, 44.943213860788063 ], [ -93.30567725092763, 44.943251306640988 ], [ -93.305725452388899, 44.943289584598745 ], [ -93.305780707722548, 44.94332370188738 ], [ -93.305843016928563, 44.94333035891696 ], [ -93.305935892914945, 44.943342840845318 ], [ -93.30596763534065, 44.943349497872667 ], [ -93.305979391794608, 44.943357819155779 ], [ -93.305974689213031, 44.943367804693899 ], [ -93.30593824420572, 44.943368636822008 ], [ -93.305835963056211, 44.943351162129396 ], [ -93.305760721750787, 44.943336183817202 ], [ -93.305681953509207, 44.943332855302856 ], [ -93.305570267196501, 44.943309555696999 ], [ -93.305496201536471, 44.943292913115592 ], [ -93.305408028131737, 44.943284591823094 ], [ -93.305311625209185, 44.943274606270485 ], [ -93.305203465832648, 44.943277934788213 ], [ -93.305095306456138, 44.943276270529374 ], [ -93.304936594327557, 44.943276270529374 ], [ -93.304826083660231, 44.943271277752572 ], [ -93.304664239580504, 44.943265427954294 ], [ -93.304605304528025, 44.943260096010277 ], [ -93.304539816725224, 44.943331597477737 ], [ -93.304505679466331, 44.943260589124151 ], [ -93.304252785079001, 44.94325763044084 ], [ -93.304024274448025, 44.943223112457673 ], [ -93.303946288279633, 44.943145732628643 ], [ -93.303910578050747, 44.943072010946935 ], [ -93.303842133445414, 44.94285505802015 ], [ -93.303755833725646, 44.942688656676083 ], [ -93.303717147644363, 44.942635997922423 ], [ -93.303520741385569, 44.94260018994234 ], [ -93.303348141946003, 44.942598083589893 ], [ -93.303086266934287, 44.942587551826406 ], [ -93.302931522609157, 44.942568594647263 ], [ -93.302812488512913, 44.942536999334791 ], [ -93.302767850726823, 44.942507510360819 ], [ -93.302735116350362, 44.94246117051393 ], [ -93.302711309531105, 44.942384639472778 ], [ -93.30268551881025, 44.94237200130938 ], [ -93.302684526859423, 44.942345320733068 ], [ -93.302672623449823, 44.94231161893476 ], [ -93.302663695892591, 44.942299682876438 ], [ -93.30263096151613, 44.942307406208563 ], [ -93.302611122500068, 44.942304597724288 ], [ -93.30260021104128, 44.942266683172882 ], [ -93.302581363976017, 44.94219366248484 ], [ -93.302524492130033, 44.942183013626732 ], [ -93.302416959060324, 44.942175841785406 ], [ -93.302415708192058, 44.942175758359639 ], [ -93.302405243998891, 44.942196407021768 ], [ -93.302387882496618, 44.94224262184953 ], [ -93.302404602786709, 44.942344698140097 ], [ -93.302442223439357, 44.942464526597441 ], [ -93.302475664019482, 44.942534056575305 ], [ -93.302504924527113, 44.942599148393164 ], [ -93.30255299536104, 44.942689389200389 ], [ -93.30256553557858, 44.94277371244943 ], [ -93.302548815288489, 44.942853597518486 ], [ -93.302502834490824, 44.942924606375442 ], [ -93.302423413113019, 44.942997094492995 ], [ -93.302381612387848, 44.943072541212011 ], [ -93.302358621989029, 44.943143549798165 ], [ -93.302369072170322, 44.943207161582002 ], [ -93.302402512750447, 44.943257459221662 ], [ -93.302484024164514, 44.943290004729711 ], [ -93.302638686847615, 44.943301839455351 ], [ -93.30271810822542, 44.943341781636327 ], [ -93.302730648442946, 44.943396517172538 ], [ -93.302720198261653, 44.943418707239928 ], [ -93.302676307500249, 44.943446814646286 ], [ -93.302561355506043, 44.943480839382964 ], [ -93.302519554780872, 44.943513384764387 ], [ -93.302515374708349, 44.943550368129969 ], [ -93.30253836510721, 44.943608062132711 ], [ -93.302571805687336, 44.943650962763819 ], [ -93.302636596811325, 44.943682028718072 ], [ -93.302722288297929, 44.943686466710147 ], [ -93.302862320727201, 44.94365244209537 ], [ -93.303008623265242, 44.9436450454373 ], [ -93.303058784135459, 44.943698301354054 ], [ -93.303104764933138, 44.943794457745284 ], [ -93.303163285948358, 44.943923159124587 ], [ -93.303215536854822, 44.944059256820999 ], [ -93.303269877797518, 44.944105115754731 ], [ -93.303405730154267, 44.944143578057997 ], [ -93.303589653344972, 44.944174643745654 ], [ -93.303842547732216, 44.944253047549303 ], [ -93.303909428892482, 44.944337368501657 ], [ -93.303978400088994, 44.944446837623431 ], [ -93.304022290850398, 44.944544472069445 ], [ -93.304105892300726, 44.944563703077122 ], [ -93.304452838319577, 44.944633230512657 ], [ -93.304467468573392, 44.944645064961392 ], [ -93.304478963772794, 44.944630271900095 ], [ -93.304515539407319, 44.944633230512657 ], [ -93.304536439769905, 44.944650242531921 ], [ -93.304527034606721, 44.944664295935347 ], [ -93.304498819117256, 44.944677609682792 ], [ -93.304488368935935, 44.944693882036582 ], [ -93.304566832379038, 44.944700874489698 ], [ -93.304740227979735, 44.944714900486211 ], [ -93.305020138020893, 44.9446991212399 ], [ -93.305109109704603, 44.94492243415467 ], [ -93.305234511880059, 44.944989002561641 ], [ -93.305265862423923, 44.94500527482716 ], [ -93.305276312605244, 44.94498752326453 ], [ -93.305267952460213, 44.944966813101225 ], [ -93.305276312605244, 44.944953499420862 ], [ -93.305299303004091, 44.944950540824806 ], [ -93.305372454273126, 44.944947582228586 ], [ -93.305863612793758, 44.944956458016748 ], [ -93.306087246673357, 44.944938706439054 ], [ -93.306310880552957, 44.944956458016748 ], [ -93.306381941785745, 44.944991961155715 ], [ -93.30635686135065, 44.945043736527317 ], [ -93.306264899755277, 44.945070363843101 ], [ -93.306227279102629, 44.945101429029251 ], [ -93.306187568413748, 44.945125097731228 ], [ -93.305888693228837, 44.945125097731228 ], [ -93.30619174848627, 44.945169476521109 ], [ -93.306149947761099, 44.945243441094682 ], [ -93.306122777289715, 44.945305571262828 ], [ -93.306137407543531, 44.945352908488665 ], [ -93.306200108631288, 44.945385452808793 ], [ -93.306231459175152, 44.945456458534089 ], [ -93.306216828921336, 44.945505274919306 ], [ -93.306235639247689, 44.945567404804066 ], [ -93.306300430371664, 44.945601428283894 ], [ -93.306367311531943, 44.945699060766231 ], [ -93.306377761713236, 44.94577450393431 ], [ -93.306354771314403, 44.945820361497816 ], [ -93.306312970589246, 44.945851426278097 ], [ -93.306279530009121, 44.945882491041559 ], [ -93.306300430371678, 44.945917993607793 ], [ -93.306321330734249, 44.945959413240651 ], [ -93.306317150661727, 44.946006749927314 ], [ -93.306277439972845, 44.946028938985748 ], [ -93.306227279102629, 44.946037814606726 ], [ -93.306175028196179, 44.946057045114124 ], [ -93.306147857724824, 44.946070358538556 ], [ -93.306131137434775, 44.946096985378148 ], [ -93.306158307906117, 44.946133967079312 ], [ -93.306183388341225, 44.946163552423087 ], [ -93.306149947761114, 44.946196096283629 ], [ -93.306083066600848, 44.946212368207 ], [ -93.306066346310772, 44.946210888941422 ], [ -93.306024545585615, 44.946227160860573 ], [ -93.305980654824211, 44.946258225420706 ], [ -93.305980654824211, 44.946284852173164 ], [ -93.306005735259305, 44.946311478913259 ], [ -93.30602663562189, 44.94632775080391 ], [ -93.306014095404322, 44.946366211617999 ], [ -93.30594512420781, 44.946385442015391 ], [ -93.305909593591409, 44.946386921276464 ], [ -93.305853162612465, 44.946406151666913 ], [ -93.305823902104834, 44.946423902790833 ], [ -93.305815541959831, 44.946444612428472 ], [ -93.305838532358663, 44.946462363540519 ], [ -93.305857342684959, 44.946480114647059 ], [ -93.305863612793758, 44.946505262038606 ], [ -93.305823902104834, 44.946524492389401 ], [ -93.305767471125861, 44.946540764219669 ], [ -93.305744480727029, 44.946548160504626 ], [ -93.305723580364457, 44.946567390841061 ], [ -93.305723580364457, 44.946589579682779 ], [ -93.305746570763276, 44.946610289260654 ], [ -93.305752318363034, 44.946644312122366 ], [ -93.30565095160452, 44.946652817834646 ], [ -93.305584592953338, 44.946672048136008 ], [ -93.305558467500077, 44.946672048136016 ], [ -93.305389174563174, 44.946678334963913 ], [ -93.305368796709644, 44.946695716190398 ], [ -93.305433065324593, 44.946722712553019 ], [ -93.305488451285427, 44.946743052269888 ], [ -93.305450830632779, 44.946708659653503 ], [ -93.3054226151433, 44.946707550213944 ], [ -93.305417912561722, 44.946702003015709 ], [ -93.305421047616107, 44.946693867124004 ], [ -93.305447173069325, 44.94669164824424 ], [ -93.305501514012036, 44.94669090861764 ], [ -93.305571007717617, 44.946692387870847 ], [ -93.305599223207096, 44.946685731231142 ], [ -93.305658266731371, 44.946664282053554 ], [ -93.305684392184617, 44.946659844291652 ], [ -93.30574918330862, 44.946657625410595 ], [ -93.305867270357197, 44.946670199068869 ], [ -93.305952961843772, 44.94667500664336 ], [ -93.306046490966338, 44.94669127843094 ], [ -93.306162487978654, 44.946693497310719 ], [ -93.306257062119315, 44.946689799177719 ], [ -93.306366266513805, 44.946704591708283 ], [ -93.306521451705947, 44.946704221895068 ], [ -93.30654391959574, 44.946710138906248 ], [ -93.306574747630535, 44.946716425729981 ], [ -93.306614980828499, 44.946719014421902 ], [ -93.306667231734963, 44.946719754048139 ], [ -93.306741950531176, 44.946716425729981 ], [ -93.306725230241128, 44.946845120558464 ], [ -93.306787931328842, 44.946849558306013 ], [ -93.306779571183824, 44.946895415010715 ], [ -93.306758670821253, 44.946944230172235 ], [ -93.306767030966284, 44.946964939622156 ], [ -93.30680047154641, 44.946969377360453 ], [ -93.306827642017765, 44.946953105651694 ], [ -93.306840182235291, 44.946922041467602 ], [ -93.306836002162768, 44.946908728240707 ], [ -93.306861082597877, 44.946885060274148 ], [ -93.306865262670399, 44.946858433800109 ], [ -93.306869442742922, 44.946837724311763 ], [ -93.306894523178016, 44.946830328064117 ], [ -93.30690706339557, 44.946809618565638 ], [ -93.306913333504326, 44.94670607096112 ], [ -93.306940503975682, 44.946704961521483 ], [ -93.30703298808011, 44.946712357785287 ], [ -93.307051798406448, 44.946696086003655 ], [ -93.307141669965546, 44.946580704147117 ], [ -93.307254531923462, 44.946503782780582 ], [ -93.307591027761021, 44.946447570947512 ], [ -93.307871092619607, 44.946403193145713 ], [ -93.308213858565921, 44.946358815309594 ], [ -93.308485563279461, 44.946358815309594 ], [ -93.3086026053099, 44.946426861310947 ], [ -93.308637090908206, 44.946503043151566 ], [ -93.308631865817546, 44.946568870097444 ], [ -93.308605740364328, 44.946611028888299 ], [ -93.308561849602881, 44.946628779948874 ], [ -93.308335080668911, 44.946654666902369 ], [ -93.308562894621019, 44.946657625410587 ], [ -93.308570209747927, 44.946678334963913 ], [ -93.308547219349066, 44.946719014421902 ], [ -93.308536769167787, 44.946759693851064 ], [ -93.308539904222158, 44.946787059996282 ], [ -93.308573344802326, 44.946797414750527 ], [ -93.308792798609417, 44.946761912728178 ], [ -93.309075998522346, 44.946749339090012 ], [ -93.309376963743503, 44.946814426128441 ], [ -93.309463700248216, 44.946837354499401 ], [ -93.309513861118432, 44.946852886616455 ], [ -93.309565067006744, 44.946863241358834 ], [ -93.30960164264124, 44.946858063987875 ], [ -93.309615227876918, 44.946846969619983 ], [ -93.30958387733304, 44.946797414750527 ], [ -93.309561931952359, 44.946746380586504 ], [ -93.309565067006744, 44.946707180400729 ], [ -93.309631948167009, 44.94669164824424 ], [ -93.309673748892152, 44.946687210484477 ], [ -93.309712414562924, 44.946706440774328 ], [ -93.309716594635447, 44.946733806944927 ], [ -93.309737494998032, 44.94671531629055 ], [ -93.3098336366659, 44.946714576664242 ], [ -93.309863942191626, 44.946716795543118 ], [ -93.309913058043705, 44.946716055916838 ], [ -93.309945453605707, 44.946724931431561 ], [ -93.310016514838466, 44.94673084844063 ], [ -93.310034280146667, 44.946721233300579 ], [ -93.310034280146667, 44.94670052376275 ], [ -93.310009199711558, 44.946668719815086 ], [ -93.309996659494018, 44.946641353613451 ], [ -93.309862897173517, 44.946619164791741 ], [ -93.309995614475895, 44.94662360255677 ], [ -93.310018604874713, 44.946611768515943 ], [ -93.310047865382344, 44.946572568238224 ], [ -93.310070855781163, 44.946537805705404 ], [ -93.310131466832672, 44.94651635647255 ], [ -93.310199393011047, 44.946502303522514 ], [ -93.310292399624529, 44.946482333534981 ], [ -93.310309119914578, 44.946519314987896 ], [ -93.310315390023348, 44.946542983105246 ], [ -93.31036241583918, 44.946540764219669 ], [ -93.310365550893565, 44.946520054616713 ], [ -93.310393766383044, 44.946520054616713 ], [ -93.31043243205383, 44.946513397957034 ], [ -93.310476322815234, 44.946518575359072 ], [ -93.310537978884838, 44.946518575359072 ], [ -93.31053902390299, 44.946498605377201 ], [ -93.310535888848605, 44.946463103170053 ], [ -93.31054529401176, 44.946396536472491 ], [ -93.310615310226382, 44.946379524970716 ], [ -93.310653975897182, 44.946409849818167 ], [ -93.310707271821741, 44.946443133168884 ], [ -93.310732352256849, 44.946459405022217 ], [ -93.310780423090776, 44.946463842799602 ], [ -93.310821178797809, 44.946448310577267 ], [ -93.310875519740506, 44.946433517980665 ], [ -93.310931950719478, 44.946442393539087 ], [ -93.310977931517172, 44.946446091688024 ], [ -93.31100928206105, 44.946436476500295 ], [ -93.311039587586791, 44.946422423530713 ], [ -93.311112738855826, 44.946404672406331 ], [ -93.311176484961663, 44.94639801573328 ], [ -93.311237096013173, 44.946406891297187 ], [ -93.311276806702054, 44.946434997240502 ], [ -93.311308157245932, 44.946473457982741 ], [ -93.311325922554133, 44.946513397957034 ], [ -93.311331147644793, 44.946536326448225 ], [ -93.311308157245932, 44.946560734186868 ], [ -93.311284121828962, 44.946578485262997 ] ] ] } },
{ "type": "Feature", "properties": { "id": 4 }, "geometry": { "type": "MultiLineString", "coordinates": [ [ [ -93.311284121828962, 44.946578485262997 ], [ -93.311308157245932, 44.946560734186868 ], [ -93.311331147644793, 44.946536326448225 ], [ -93.311325922554133, 44.946513397957034 ], [ -93.311308157245932, 44.946473457982741 ], [ -93.311276806702054, 44.946434997240502 ], [ -93.311237096013173, 44.946406891297187 ], [ -93.311176484961663, 44.94639801573328 ], [ -93.311112738855826, 44.946404672406331 ], [ -93.311039587586791, 44.946422423530713 ], [ -93.31100928206105, 44.946436476500295 ], [ -93.310977931517172, 44.946446091688024 ], [ -93.310931950719478, 44.946442393539087 ], [ -93.310875519740506, 44.946433517980665 ], [ -93.310821178797809, 44.946448310577267 ], [ -93.310780423090776, 44.946463842799602 ], [ -93.310732352256849, 44.946459405022217 ], [ -93.310707271821741, 44.946443133168884 ], [ -93.310653975897182, 44.946409849818167 ], [ -93.310615310226382, 44.946379524970716 ], [ -93.31054529401176, 44.946396536472491 ], [ -93.310535888848605, 44.946463103170053 ], [ -93.31053902390299, 44.946498605377201 ], [ -93.310537978884838, 44.946518575359072 ], [ -93.310476322815234, 44.946518575359072 ], [ -93.31043243205383, 44.946513397957034 ], [ -93.310393766383044, 44.946520054616713 ], [ -93.310365550893565, 44.946520054616713 ], [ -93.31036241583918, 44.946540764219669 ], [ -93.310315390023348, 44.946542983105246 ], [ -93.310309119914578, 44.946519314987896 ], [ -93.310292399624529, 44.946482333534981 ], [ -93.310199393011047, 44.946502303522514 ], [ -93.310131466832672, 44.94651635647255 ], [ -93.310070855781163, 44.946537805705404 ], [ -93.310047865382344, 44.946572568238224 ], [ -93.310018604874713, 44.946611768515943 ], [ -93.309995614475895, 44.94662360255677 ], [ -93.309862897173517, 44.946619164791741 ], [ -93.309996659494018, 44.946641353613451 ], [ -93.310009199711558, 44.946668719815086 ], [ -93.310034280146667, 44.94670052376275 ], [ -93.310034280146667, 44.946721233300579 ], [ -93.310016514838466, 44.94673084844063 ], [ -93.309945453605707, 44.946724931431561 ], [ -93.309913058043705, 44.946716055916838 ], [ -93.309863942191626, 44.946716795543118 ], [ -93.3098336366659, 44.946714576664242 ], [ -93.309737494998032, 44.94671531629055 ], [ -93.309716594635447, 44.946733806944927 ], [ -93.309712414562924, 44.946706440774328 ], [ -93.309673748892152, 44.946687210484477 ], [ -93.309631948167009, 44.94669164824424 ], [ -93.309565067006744, 44.946707180400729 ], [ -93.309561931952359, 44.946746380586504 ], [ -93.30958387733304, 44.946797414750527 ], [ -93.309615227876918, 44.946846969619983 ], [ -93.30960164264124, 44.946858063987875 ], [ -93.309565067006744, 44.946863241358834 ], [ -93.309513861118432, 44.946852886616455 ], [ -93.309463700248216, 44.946837354499401 ], [ -93.309376963743503, 44.946814426128441 ], [ -93.309075998522346, 44.946749339090012 ], [ -93.308792798609417, 44.946761912728178 ], [ -93.308573344802326, 44.946797414750527 ], [ -93.308539904222158, 44.946787059996282 ], [ -93.308536769167787, 44.946759693851064 ], [ -93.308547219349066, 44.946719014421902 ], [ -93.308570209747927, 44.946678334963913 ], [ -93.308562894621019, 44.946657625410587 ], [ -93.308335080668911, 44.946654666902369 ], [ -93.308561849602881, 44.946628779948874 ], [ -93.308605740364328, 44.946611028888299 ], [ -93.308631865817546, 44.946568870097444 ], [ -93.308637090908206, 44.946503043151566 ], [ -93.3086026053099, 44.946426861310947 ], [ -93.308485563279461, 44.946358815309594 ], [ -93.308213858565921, 44.946358815309594 ], [ -93.307871092619607, 44.946403193145713 ], [ -93.307591027761021, 44.946447570947512 ], [ -93.307254531923462, 44.946503782780582 ], [ -93.307141669965546, 44.946580704147117 ], [ -93.307051798406448, 44.946696086003655 ], [ -93.30703298808011, 44.946712357785287 ], [ -93.306940503975682, 44.946704961521483 ], [ -93.306913333504326, 44.94670607096112 ], [ -93.30690706339557, 44.946809618565638 ], [ -93.306894523178016, 44.946830328064117 ], [ -93.306869442742922, 44.946837724311763 ], [ -93.306865262670399, 44.946858433800109 ], [ -93.306861082597877, 44.946885060274148 ], [ -93.306836002162768, 44.946908728240707 ], [ -93.306840182235291, 44.946922041467602 ], [ -93.306827642017765, 44.946953105651694 ], [ -93.30680047154641, 44.946969377360453 ], [ -93.306767030966284, 44.946964939622156 ], [ -93.306758670821253, 44.946944230172235 ], [ -93.306779571183824, 44.946895415010715 ], [ -93.306787931328842, 44.946849558306013 ], [ -93.306725230241128, 44.946845120558464 ], [ -93.306741950531176, 44.946716425729981 ], [ -93.306667231734963, 44.946719754048139 ], [ -93.306614980828499, 44.946719014421902 ], [ -93.306574747630535, 44.946716425729981 ], [ -93.30654391959574, 44.946710138906248 ], [ -93.306521451705947, 44.946704221895068 ], [ -93.306366266513805, 44.946704591708283 ], [ -93.306257062119315, 44.946689799177719 ], [ -93.306162487978654, 44.946693497310719 ], [ -93.306046490966338, 44.94669127843094 ], [ -93.305952961843772, 44.94667500664336 ], [ -93.305867270357197, 44.946670199068869 ], [ -93.30574918330862, 44.946657625410595 ], [ -93.305684392184617, 44.946659844291652 ], [ -93.305658266731371, 44.946664282053554 ], [ -93.305599223207096, 44.946685731231142 ], [ -93.305571007717617, 44.946692387870847 ], [ -93.305501514012036, 44.94669090861764 ], [ -93.305447173069325, 44.94669164824424 ], [ -93.305421047616107, 44.946693867124004 ], [ -93.305417912561722, 44.946702003015709 ], [ -93.3054226151433, 44.946707550213944 ], [ -93.305450830632779, 44.946708659653503 ], [ -93.305488451285427, 44.946743052269888 ], [ -93.305433065324593, 44.946722712553019 ], [ -93.305368796709644, 44.946695716190398 ], [ -93.305389174563174, 44.946678334963913 ], [ -93.305558467500077, 44.946672048136016 ], [ -93.305584592953338, 44.946672048136008 ], [ -93.30565095160452, 44.946652817834646 ], [ -93.305752318363034, 44.946644312122366 ], [ -93.305746570763276, 44.946610289260654 ], [ -93.305723580364457, 44.946589579682779 ], [ -93.305723580364457, 44.946567390841061 ], [ -93.305744480727029, 44.946548160504626 ], [ -93.305767471125861, 44.946540764219669 ], [ -93.305823902104834, 44.946524492389401 ], [ -93.305863612793758, 44.946505262038606 ], [ -93.305857342684959, 44.946480114647059 ], [ -93.305838532358663, 44.946462363540519 ], [ -93.305815541959831, 44.946444612428472 ], [ -93.305823902104834, 44.946423902790833 ], [ -93.305853162612465, 44.946406151666913 ], [ -93.305909593591409, 44.946386921276464 ], [ -93.30594512420781, 44.946385442015391 ], [ -93.306014095404322, 44.946366211617999 ], [ -93.30602663562189, 44.94632775080391 ], [ -93.306005735259305, 44.946311478913259 ], [ -93.305980654824211, 44.946284852173164 ], [ -93.305980654824211, 44.946258225420706 ], [ -93.306024545585615, 44.946227160860573 ], [ -93.306066346310772, 44.946210888941422 ], [ -93.306083066600848, 44.946212368207 ], [ -93.306149947761114, 44.946196096283629 ], [ -93.306183388341225, 44.946163552423087 ], [ -93.306158307906117, 44.946133967079312 ], [ -93.306131137434775, 44.946096985378148 ], [ -93.306147857724824, 44.946070358538556 ], [ -93.306175028196179, 44.946057045114124 ], [ -93.306227279102629, 44.946037814606726 ], [ -93.306277439972845, 44.946028938985748 ], [ -93.306317150661727, 44.946006749927314 ], [ -93.306321330734249, 44.945959413240651 ], [ -93.306300430371678, 44.945917993607793 ], [ -93.306279530009121, 44.945882491041559 ], [ -93.306312970589246, 44.945851426278097 ], [ -93.306354771314403, 44.945820361497816 ], [ -93.306377761713236, 44.94577450393431 ], [ -93.306367311531943, 44.945699060766231 ], [ -93.306300430371664, 44.945601428283894 ], [ -93.306235639247689, 44.945567404804066 ], [ -93.306216828921336, 44.945505274919306 ], [ -93.306231459175152, 44.945456458534089 ], [ -93.306200108631288, 44.945385452808793 ], [ -93.306137407543531, 44.945352908488665 ], [ -93.306122777289715, 44.945305571262828 ], [ -93.306149947761099, 44.945243441094682 ], [ -93.30619174848627, 44.945169476521109 ], [ -93.305888693228837, 44.945125097731228 ], [ -93.306187568413748, 44.945125097731228 ], [ -93.306227279102629, 44.945101429029251 ], [ -93.306264899755277, 44.945070363843101 ], [ -93.30635686135065, 44.945043736527317 ], [ -93.306381941785745, 44.944991961155715 ], [ -93.306310880552957, 44.944956458016748 ], [ -93.306087246673357, 44.944938706439054 ], [ -93.305863612793758, 44.944956458016748 ], [ -93.305372454273126, 44.944947582228586 ], [ -93.305299303004091, 44.944950540824806 ], [ -93.305276312605244, 44.944953499420862 ], [ -93.305267952460213, 44.944966813101225 ], [ -93.305276312605244, 44.94498752326453 ], [ -93.305265862423923, 44.94500527482716 ], [ -93.305234511880059, 44.944989002561641 ], [ -93.305109109704603, 44.94492243415467 ], [ -93.305020138020893, 44.9446991212399 ], [ -93.304740227979735, 44.944714900486211 ], [ -93.304566832379038, 44.944700874489698 ], [ -93.304488368935935, 44.944693882036582 ], [ -93.304498819117256, 44.944677609682792 ], [ -93.304527034606721, 44.944664295935347 ], [ -93.304536439769905, 44.944650242531921 ], [ -93.304515539407319, 44.944633230512657 ], [ -93.304478963772794, 44.944630271900095 ], [ -93.304467468573392, 44.944645064961392 ], [ -93.304452838319577, 44.944633230512657 ], [ -93.304105892300726, 44.944563703077122 ], [ -93.304022290850398, 44.944544472069445 ], [ -93.303978400088994, 44.944446837623431 ], [ -93.303909428892482, 44.944337368501657 ], [ -93.303842547732216, 44.944253047549303 ], [ -93.303589653344972, 44.944174643745654 ], [ -93.303405730154267, 44.944143578057997 ], [ -93.303269877797518, 44.944105115754731 ], [ -93.303215536854822, 44.944059256820999 ], [ -93.303163285948358, 44.943923159124587 ], [ -93.303104764933138, 44.943794457745284 ], [ -93.303058784135459, 44.943698301354054 ], [ -93.303008623265242, 44.9436450454373 ], [ -93.302862320727201, 44.94365244209537 ], [ -93.302722288297929, 44.943686466710147 ], [ -93.302636596811325, 44.943682028718072 ], [ -93.302571805687336, 44.943650962763819 ], [ -93.30253836510721, 44.943608062132711 ], [ -93.302515374708349, 44.943550368129969 ], [ -93.302519554780872, 44.943513384764387 ], [ -93.302561355506043, 44.943480839382964 ], [ -93.302676307500249, 44.943446814646286 ], [ -93.302720198261653, 44.943418707239928 ], [ -93.302730648442946, 44.943396517172538 ], [ -93.30271810822542, 44.943341781636327 ], [ -93.302638686847615, 44.943301839455351 ], [ -93.302484024164514, 44.943290004729711 ], [ -93.302402512750447, 44.943257459221662 ], [ -93.302369072170322, 44.943207161582002 ], [ -93.302358621989029, 44.943143549798165 ], [ -93.302381612387848, 44.943072541212011 ], [ -93.302423413113019, 44.942997094492995 ], [ -93.302502834490824, 44.942924606375442 ], [ -93.302548815288489, 44.942853597518486 ], [ -93.30256553557858, 44.94277371244943 ], [ -93.30255299536104, 44.942689389200389 ], [ -93.302504924527113, 44.942599148393164 ], [ -93.302475664019482, 44.942534056575305 ], [ -93.302442223439357, 44.942464526597441 ], [ -93.302404602786709, 44.942344698140097 ], [ -93.302387882496618, 44.94224262184953 ], [ -93.302405243998891, 44.942196407021768 ], [ -93.302415708192058, 44.942175758359639 ], [ -93.302416959060324, 44.942175841785406 ], [ -93.302524492130033, 44.942183013626732 ], [ -93.302581363976017, 44.94219366248484 ], [ -93.30260021104128, 44.942266683172882 ], [ -93.302611122500068, 44.942304597724288 ], [ -93.30263096151613, 44.942307406208563 ], [ -93.302663695892591, 44.942299682876438 ], [ -93.302672623449823, 44.94231161893476 ], [ -93.302684526859423, 44.942345320733068 ], [ -93.30268551881025, 44.94237200130938 ], [ -93.302711309531105, 44.942384639472778 ], [ -93.302735116350362, 44.94246117051393 ], [ -93.302767850726823, 44.942507510360819 ], [ -93.302812488512913, 44.942536999334791 ], [ -93.302931522609157, 44.942568594647263 ], [ -93.303086266934287, 44.942587551826406 ], [ -93.303348141946003, 44.942598083589893 ], [ -93.303520741385569, 44.94260018994234 ], [ -93.303717147644363, 44.942635997922423 ], [ -93.303755833725646, 44.942688656676083 ], [ -93.303842133445414, 44.94285505802015 ], [ -93.303910578050747, 44.943072010946935 ], [ -93.303946288279633, 44.943145732628643 ], [ -93.304024274448025, 44.943223112457673 ], [ -93.304252785079001, 44.94325763044084 ], [ -93.304505679466331, 44.943260589124151 ], [ -93.304539816725224, 44.943331597477737 ], [ -93.304605304528025, 44.943260096010277 ], [ -93.304664239580504, 44.943265427954294 ], [ -93.304826083660231, 44.943271277752572 ], [ -93.304936594327557, 44.943276270529374 ], [ -93.305095306456138, 44.943276270529374 ], [ -93.305203465832648, 44.943277934788213 ], [ -93.305311625209185, 44.943274606270485 ], [ -93.305408028131737, 44.943284591823094 ], [ -93.305496201536471, 44.943292913115592 ], [ -93.305570267196501, 44.943309555696999 ], [ -93.305681953509207, 44.943332855302856 ], [ -93.305760721750787, 44.943336183817202 ], [ -93.305835963056211, 44.943351162129396 ], [ -93.30593824420572, 44.943368636822008 ], [ -93.305974689213031, 44.943367804693899 ], [ -93.305979391794608, 44.943357819155779 ], [ -93.30596763534065, 44.943349497872667 ], [ -93.305935892914945, 44.943342840845318 ], [ -93.305843016928563, 44.94333035891696 ], [ -93.305780707722548, 44.94332370188738 ], [ -93.305725452388899, 44.943289584598745 ], [ -93.30567725092763, 44.943251306640988 ], [ -93.305645508501911, 44.943213860788063 ], [ -93.305633752047939, 44.943167261470315 ], [ -93.305645508501911, 44.943129815562557 ], [ -93.30567725092763, 44.943104851610485 ], [ -93.305728979325096, 44.943082384044352 ], [ -93.305808923212098, 44.943066573529578 ], [ -93.305902974843846, 44.943046602346797 ], [ -93.306019363738145, 44.943019141959113 ], [ -93.306138103923246, 44.942986688756754 ], [ -93.30620158877467, 44.94297670315234 ], [ -93.306260371044516, 44.942969213947883 ], [ -93.306329734122926, 44.942973374617146 ], [ -93.306367354775645, 44.942975038884761 ], [ -93.306423785754689, 44.942982112021603 ], [ -93.306433778740541, 44.942984192355809 ], [ -93.306444359549118, 44.942977119219229 ], [ -93.306454352534985, 44.942972334449856 ], [ -93.30646728463438, 44.942969838048299 ], [ -93.306478159354299, 44.942967757713568 ], [ -93.306481980201852, 44.942967133613138 ], [ -93.306459936850644, 44.942925942969694 ], [ -93.30645229515558, 44.94289889859175 ], [ -93.306447592573974, 44.942878511283041 ], [ -93.306451119510172, 44.942863948915232 ], [ -93.306461700318721, 44.942849386543749 ], [ -93.306479334999693, 44.942837736643902 ], [ -93.306498733148743, 44.942831079557202 ], [ -93.306516955652384, 44.942827334945605 ], [ -93.306545758964631, 44.942823174265754 ], [ -93.306577501390336, 44.942822342129745 ], [ -93.306628054142408, 44.942823590333759 ], [ -93.306486388872074, 44.942808611883919 ], [ -93.306468754191116, 44.942803619066446 ], [ -93.306455234269052, 44.942792385225516 ], [ -93.306447004751277, 44.942778238904211 ], [ -93.306445829105854, 44.942764508647826 ], [ -93.306459349027961, 44.94273538385071 ], [ -93.30647051765925, 44.942719157171624 ], [ -93.306482861935891, 44.942700850143552 ], [ -93.306492267099088, 44.942678798488345 ], [ -93.306497557503377, 44.942659243239845 ], [ -93.306508726134624, 44.942628038042294 ], [ -93.306519894765913, 44.942608066706946 ], [ -93.306534002510674, 44.942597248897407 ], [ -93.306556339773209, 44.942586015016118 ], [ -93.306575150099562, 44.942576445411781 ], [ -93.306588670021625, 44.94256812401543 ], [ -93.306596311716717, 44.942558138338207 ], [ -93.306597928229166, 44.942543991959177 ], [ -93.306595136071351, 44.942535566540592 ], [ -93.306582203971956, 44.942524852734927 ], [ -93.306544583319251, 44.942510290277426 ], [ -93.306510489602715, 44.942505713504296 ], [ -93.306474044595404, 44.942511954558469 ], [ -93.306356480055754, 44.942514034909699 ], [ -93.30633708190669, 44.942511538488212 ], [ -93.306306515126394, 44.942506441627323 ], [ -93.306260664955929, 44.942498120220819 ], [ -93.306196004459082, 44.942501448783574 ], [ -93.306130168316869, 44.94250560948673 ], [ -93.306110654701627, 44.942505177860205 ], [ -93.306061881684883, 44.942502551035027 ], [ -93.305990681408062, 44.942497610182208 ], [ -93.305944610640694, 44.942490692987541 ], [ -93.305641660443257, 44.942386934967573 ], [ -93.305628397646615, 44.942371618291602 ], [ -93.305627699604685, 44.942360254303559 ], [ -93.305635378065901, 44.942340984927391 ], [ -93.305646546736781, 44.942333079540425 ], [ -93.305675864497815, 44.942314304242025 ], [ -93.305710068552372, 44.942296517111558 ], [ -93.305741480439195, 44.942287129457142 ], [ -93.305798021835486, 44.94226687188187 ], [ -93.305839206309344, 44.94225204926127 ], [ -93.305890861412124, 44.942235744374209 ], [ -93.305871316238083, 44.94220313458618 ], [ -93.305825245470714, 44.942167560250851 ], [ -93.305787551206535, 44.942130009539646 ], [ -93.305773590367949, 44.942099376046514 ], [ -93.305758233445488, 44.942068742537046 ], [ -93.305728915684455, 44.94203119176121 ], [ -93.305681448833241, 44.942001546394515 ], [ -93.305635378065901, 44.941977830090131 ], [ -93.305582326879232, 44.941963995574717 ], [ -93.305537652195753, 44.941953125595987 ], [ -93.30544132240945, 44.94192249200848 ], [ -93.305335220036156, 44.941896799309575 ], [ -93.30528077276567, 44.941886917499247 ], [ -93.305079736689947, 44.94186320114752 ], [ -93.304942920471746, 44.941847390240923 ], [ -93.304930355717019, 44.941902728394957 ], [ -93.304926167465453, 44.941948184695882 ], [ -93.304908018375286, 44.941985735526011 ], [ -93.304889869285105, 44.942014392721958 ], [ -93.304851127958116, 44.942042926381284 ], [ -93.304837021290453, 44.942045439117074 ], [ -93.304780527401192, 44.942050842846463 ], [ -93.304742906748501, 44.942055835729398 ], [ -93.304687651414838, 44.942064573273505 ], [ -93.304632396081175, 44.94207539118343 ], [ -93.304592424137681, 44.942077055477078 ], [ -93.304543634853701, 44.942074559036577 ], [ -93.30449602121513, 44.942071230449081 ], [ -93.304458988385107, 44.942063741126518 ], [ -93.304441941526861, 44.942055003582269 ], [ -93.304426070314008, 44.942043353521228 ], [ -93.304409611278444, 44.942023798056283 ], [ -93.304338484731929, 44.941931429599954 ], [ -93.30431673529209, 44.941906465126785 ], [ -93.304299688433844, 44.941890238213411 ], [ -93.304281465930202, 44.941876507744659 ], [ -93.304267946008125, 44.941863609422533 ], [ -93.304262655603836, 44.941850295022469 ], [ -93.304257953022258, 44.941840309220396 ], [ -93.304141564127946, 44.941762919195412 ], [ -93.304083957503508, 44.941734626041971 ], [ -93.304012830956992, 44.941703004265733 ], [ -93.303888506456246, 44.941649330421455 ], [ -93.303805329544417, 44.941620413096963 ], [ -93.303775938409487, 44.941608762947723 ], [ -93.303750074210768, 44.94158671087304 ], [ -93.303701872749485, 44.941532620842708 ], [ -93.303672481614569, 44.941495173868759 ], [ -93.303661900805992, 44.941484771927222 ], [ -93.303641914834245, 44.941474786061576 ], [ -93.303620753217103, 44.941470209205903 ], [ -93.303571963933123, 44.94146729666118 ], [ -93.303504364322819, 44.941466048427699 ], [ -93.303482614882952, 44.941467712739019 ], [ -93.303363286875168, 44.941489348781737 ], [ -93.303319787995505, 44.941497254256852 ], [ -93.303290396860575, 44.94149975072245 ], [ -93.303264532661842, 44.941495173868759 ], [ -93.303240431931201, 44.941488516626393 ], [ -93.303186940065657, 44.941471457439292 ], [ -93.303154021994544, 44.941466048427699 ], [ -93.303097591015458, 44.941465216272029 ], [ -93.303071726816754, 44.941462303727064 ], [ -93.303038220922929, 44.941456894714591 ], [ -93.302992958575146, 44.9414444123762 ], [ -93.302931237191814, 44.94142402455099 ], [ -93.302859522822615, 44.941399059857183 ], [ -93.302824253460699, 44.941384081035693 ], [ -93.302784281517191, 44.941365357503336 ], [ -93.302762532077367, 44.941355371616922 ], [ -93.302750187800697, 44.941352875145036 ], [ -93.302719621020373, 44.941348714358334 ], [ -93.302709040211795, 44.941344553571334 ], [ -93.30264496753766, 44.94130544215875 ], [ -93.302618515516215, 44.941293375866522 ], [ -93.302596766076391, 44.941290047233721 ], [ -93.302566199296081, 44.941286302521618 ], [ -93.302527402997967, 44.94128671860075 ], [ -93.302382798614147, 44.941286302521618 ], [ -93.302241133343813, 44.941272571908435 ], [ -93.302145906066656, 44.941269243274427 ], [ -93.302036571044752, 44.941272987987666 ], [ -93.301926648200123, 44.94127798093826 ], [ -93.301858460767122, 44.941276316621433 ], [ -93.301812022773944, 44.941271739749943 ], [ -93.301794148584918, 44.941269592759177 ], [ -93.301736639379385, 44.941263248303791 ], [ -93.301706623576422, 44.941252872288402 ], [ -93.301687776444325, 44.941235578925252 ], [ -93.301686380360465, 44.941151582515872 ], [ -93.301632631131909, 44.941149112031383 ], [ -93.301589614298038, 44.941162329122179 ], [ -93.301556108285439, 44.941156585246659 ], [ -93.301549040610908, 44.941153898595012 ], [ -93.301474044731137, 44.941132961236434 ], [ -93.301442436520048, 44.941120130152306 ], [ -93.301396365752709, 44.941138658792731 ], [ -93.301352912642614, 44.941131988482866 ], [ -93.301324118413007, 44.941146070247221 ], [ -93.301302653623679, 44.941146440819928 ], [ -93.301283806491597, 44.941153111128109 ], [ -93.301259724045011, 44.941147181965334 ], [ -93.301237735724257, 44.941137917647239 ], [ -93.301223076843726, 44.941133841346797 ], [ -93.301216270934916, 44.941131617910067 ], [ -93.301211559151881, 44.941126429890723 ], [ -93.301206323837434, 44.941119018433682 ], [ -93.301131982371942, 44.941123465308024 ], [ -93.301083293947357, 44.941119018433682 ], [ -93.301035652585668, 44.941110865829842 ], [ -93.301011046607655, 44.941099007494927 ], [ -93.300984870035322, 44.941083443426614 ], [ -93.300968117029029, 44.941067508780876 ], [ -93.300952934617058, 44.941048238970829 ], [ -93.300960264057309, 44.941027486860463 ], [ -93.300966022903239, 44.9410115521992 ], [ -93.300990628881252, 44.940982647453517 ], [ -93.301022040768075, 44.940937066863462 ], [ -93.301036176117137, 44.94092113217711 ], [ -93.301051882060534, 44.940907791506056 ], [ -93.30106339975238, 44.940909644377221 ], [ -93.301076488038547, 44.940910385525676 ], [ -93.301105282268153, 44.940911497248329 ], [ -93.301136170623522, 44.940910014951442 ], [ -93.301162870727325, 44.94090890322876 ], [ -93.301191141425463, 44.940905197486323 ] ] ] } },
{ "type": "Feature", "properties": { "id": 10 }, "geometry": { "type": "MultiLineString", "coordinates": [ [ [ -93.311290985576008, 44.946587046583169 ], [ -93.311312412992635, 44.946540466538757 ], [ -93.311496076563742, 44.946468971513347 ], [ -93.311555767224363, 44.946471138030581 ], [ -93.311557297754121, 44.946446223077494 ], [ -93.311557297754121, 44.946370394892888 ], [ -93.311566480932669, 44.946315148581014 ], [ -93.311515973450611, 44.946290233560234 ], [ -93.311442508022168, 44.946174324408311 ], [ -93.311407305837719, 44.946134243619071 ], [ -93.311329248819987, 44.946097412598881 ], [ -93.311029264987198, 44.945990169199639 ], [ -93.310992532272962, 44.945964170769649 ], [ -93.310955799558741, 44.945949005013382 ], [ -93.310879273070768, 44.945887258678653 ], [ -93.310796624463791, 44.945841761336879 ], [ -93.310675712612806, 44.945791930873561 ], [ -93.310579289237978, 44.945750766545153 ], [ -93.310449194208431, 44.945712852006018 ], [ -93.310345118184799, 44.945695519636942 ], [ -93.309918100381978, 44.945608857713019 ], [ -93.309755864227512, 44.94557094308017 ], [ -93.309550773239778, 44.945497280293324 ], [ -93.30915895762142, 44.945306623229612 ], [ -93.30888652332429, 44.945007637013674 ], [ -93.308467158170259, 44.944762813807678 ], [ -93.308087586789981, 44.944589487012884 ], [ -93.307977388647302, 44.944411826505103 ], [ -93.307686587993061, 44.944164834153945 ], [ -93.30761924468365, 44.944047837406167 ], [ -93.307588634088447, 44.943664346394598 ], [ -93.30747231382675, 44.943127021345973 ], [ -93.306987135893095, 44.942623274545419 ], [ -93.306633583518718, 44.942516024655887 ], [ -93.306166771942173, 44.942525774654122 ], [ -93.306035146382882, 44.942518191322307 ], [ -93.305937192478297, 44.942509524656138 ], [ -93.305600475931257, 44.942392524534895 ], [ -93.305464258782692, 44.942358941122713 ], [ -93.305410690241132, 44.942321024343421 ], [ -93.305205599253384, 44.942089189776794 ], [ -93.305164274949888, 44.942064272921861 ], [ -93.305070912634591, 44.94204585610909 ], [ -93.304907911215224, 44.942055606187182 ], [ -93.304744909795858, 44.942055606187182 ], [ -93.304679862281091, 44.942064814592747 ], [ -93.304600274733616, 44.942089731447446 ], [ -93.304503086093916, 44.942090273118076 ], [ -93.304429620665474, 44.942066981276191 ], [ -93.304301056165684, 44.941909354842053 ], [ -93.304256670802673, 44.941880104528316 ], [ -93.304245957094366, 44.941844895797573 ], [ -93.304099791502352, 44.941754436344205 ], [ -93.303883986806312, 44.941663435073657 ], [ -93.30377531919342, 44.941626601185042 ], [ -93.303735525419683, 44.941598975753074 ], [ -93.303645224163859, 44.941491182273765 ], [ -93.303616909363313, 44.941478723717886 ], [ -93.303502119631375, 44.941478182041486 ], [ -93.303303150762687, 44.941510140940579 ], [ -93.30316310728972, 44.941477098688658 ], [ -93.303075101828583, 44.941476557012237 ], [ -93.302872306635479, 44.941416430897924 ], [ -93.30275981269817, 44.941364971560894 ], [ -93.302705478891724, 44.941355221365519 ], [ -93.302589923894899, 44.941299970227135 ], [ -93.302391720291098, 44.941296720158512 ], [ -93.302172854535513, 44.941277761421233 ], [ -93.302052707949414, 44.9412837198822 ], [ -93.301889706530062, 44.941288594986162 ], [ -93.301823893750424, 44.941283178203946 ], [ -93.301638699649558, 44.941259344356155 ], [ -93.301555285777695, 44.941253927571189 ], [ -93.301426721277906, 44.941246344071374 ], [ -93.301231451189466, 44.941240114767204 ], [ -93.301109518985299, 44.941205086203652 ], [ -93.300990902928973, 44.941126362137446 ], [ -93.300942691241545, 44.941069666298162 ], [ -93.300934528416192, 44.941049082444557 ], [ -93.300950854066954, 44.940999970062308 ], [ -93.30105186903107, 44.940895967231775 ], [ -93.301096764570673, 44.940898856201841 ], [ -93.301201860947401, 44.94090066180803 ], [ -93.301162067173649, 44.940905717505125 ], [ -93.301127375165791, 44.940908606474693 ], [ -93.301091662804737, 44.940910773201772 ], [ -93.301051869031014, 44.940907884232317 ], [ -93.301020238082643, 44.940939662888368 ], [ -93.300969220424008, 44.941008998076896 ], [ -93.30096003724546, 44.941024887379129 ], [ -93.300955955832762, 44.94105449924885 ], [ -93.300964118658143, 44.941084833343453 ], [ -93.301003912431881, 44.941124556538341 ], [ -93.301063092915925, 44.941165724184039 ], [ -93.301116151280908, 44.941195335981121 ], [ -93.301180433530803, 44.941217725378529 ], [ -93.301274306022705, 44.941232170146421 ], [ -93.301398789109783, 44.941235781337816 ], [ -93.301548781026185, 44.941244448196265 ], [ -93.301645714577603, 44.941250226101161 ], [ -93.301830398501892, 44.941273337714961 ], [ -93.301885497573238, 44.941278393379235 ], [ -93.301944678057239, 44.941277671141506 ], [ -93.302070181497498, 44.94127117100156 ], [ -93.30216609469575, 44.941268282050231 ], [ -93.302232417651979, 44.941270448763746 ], [ -93.30239261310011, 44.941287060231254 ], [ -93.30258545984978, 44.941287060231254 ], [ -93.302621172210806, 44.941293560369402 ], [ -93.302717085409057, 44.941348450395537 ], [ -93.302765042008176, 44.941355672763493 ], [ -93.302836466730284, 44.94138889564438 ], [ -93.30296299052371, 44.941435840986756 ], [ -93.303081351491741, 44.941464730409152 ], [ -93.303167061158277, 44.941466897115248 ], [ -93.303232363761325, 44.941487841936599 ], [ -93.303306849542935, 44.941497953226921 ], [ -93.303365009673797, 44.941486397466392 ], [ -93.303502757352121, 44.941466897115241 ], [ -93.303620097966999, 44.941469786056572 ], [ -93.303653769621704, 44.941478452879686 ], [ -93.303682339510544, 44.941505175576069 ], [ -93.303749682819955, 44.941588954759773 ], [ -93.303779273061949, 44.941608455069478 ], [ -93.303889471204613, 44.941648900135142 ], [ -93.304113948902625, 44.941747123747447 ], [ -93.304260879759539, 44.941839569346698 ], [ -93.304271083291255, 44.941865569644662 ], [ -93.304312917771355, 44.941901681150092 ], [ -93.304346589426061, 44.941940681550427 ], [ -93.304445563683799, 44.942057682592491 ], [ -93.304504744167801, 44.94207357160451 ], [ -93.30462310513586, 44.94207646051531 ], [ -93.304627186548544, 44.942134238700852 ], [ -93.304561883945496, 44.94222090587013 ], [ -93.303988445462366, 44.942612350954739 ], [ -93.303302768130251, 44.942907016342545 ], [ -93.303074209019542, 44.943643673195282 ], [ -93.30291095251188, 44.943776559307445 ], [ -93.303017069241847, 44.944206992645846 ], [ -93.303498675939423, 44.944651866664437 ], [ -93.303629281145547, 44.944958076648099 ], [ -93.303323175193725, 44.945512716988127 ], [ -93.303302768130237, 44.946962845054998 ], [ -93.303598670550357, 44.947529020571643 ], [ -93.303610914788422, 44.947617123912678 ], [ -93.303517042296534, 44.94759112621955 ], [ -93.303210936344684, 44.947557906927869 ], [ -93.303123185971828, 44.947540575115873 ], [ -93.303066046194147, 44.947550685340175 ], [ -93.303019109948195, 44.947576683051615 ], [ -93.302537503250633, 44.94750302283861 ], [ -93.30224568224321, 44.94750446715743 ], [ -93.302041611608658, 44.94748713532929 ], [ -93.301925291346947, 44.947544908069361 ], [ -93.301574289855509, 44.947711004373147 ], [ -93.301327364387774, 44.94777166551215 ], [ -93.301598778331737, 44.947738446324941 ], [ -93.301945698410492, 44.947568017149145 ], [ -93.302015082426252, 44.947527576253485 ], [ -93.302194664584661, 44.947536964321081 ], [ -93.302238539771096, 44.947539130798006 ], [ -93.302384450274815, 44.947537686480061 ], [ -93.302432406873947, 44.947539130798006 ], [ -93.302475261707201, 44.947540575115902 ], [ -93.302541584663416, 44.947539852956957 ], [ -93.302885443682669, 44.947583182477672 ], [ -93.302910952511979, 44.947586071111218 ], [ -93.302960949817447, 44.947603402909472 ], [ -93.303032374539541, 44.947619290386598 ], [ -93.303049720543484, 44.94761423528071 ], [ -93.303052781603014, 44.947592570536166 ], [ -93.303065025841065, 44.947582460319254 ], [ -93.303097677142617, 44.947575238734643 ], [ -93.303140531975856, 44.947583904636062 ], [ -93.30318644786864, 44.947584626794452 ], [ -93.303205834578904, 44.947594014852733 ], [ -93.303250730118506, 44.947592570536166 ], [ -93.303311951308885, 44.947596181327491 ], [ -93.303362968967548, 44.947604847225747 ], [ -93.303420108745215, 44.947611346648578 ], [ -93.303470106050668, 44.947625067649916 ], [ -93.303554795364022, 44.94763373354381 ], [ -93.30358744666556, 44.947643843751699 ], [ -93.303612955494856, 44.947666230634255 ], [ -93.303634382911497, 44.947682840251161 ], [ -93.303673156332053, 44.947679951622476 ], [ -93.303668054566202, 44.947565850673307 ], [ -93.303346643316772, 44.946929625399733 ], [ -93.303338480491391, 44.946328779620465 ], [ -93.303379294618296, 44.945496828927965 ], [ -93.303689481982843, 44.944965298561989 ], [ -93.303558876776719, 44.94463597836603 ], [ -93.303069107253805, 44.944188215419899 ], [ -93.302967071936507, 44.94377222606952 ], [ -93.303122165618788, 44.94368556124212 ], [ -93.303362968967605, 44.94290990521143 ], [ -93.304028239236317, 44.942644128667382 ], [ -93.304134355966283, 44.942647017549476 ], [ -93.30526490728181, 44.942665795279524 ], [ -93.30635566482357, 44.94252748993145 ], [ -93.306485249676527, 44.942522073266126 ], [ -93.306498514267759, 44.94253362881819 ], [ -93.306889819709511, 44.942691795203309 ], [ -93.307273472502487, 44.94317134724178 ], [ -93.307399996295928, 44.943844446659071 ], [ -93.307453054660925, 44.944063996693409 ], [ -93.307526520089368, 44.944212770252591 ], [ -93.307663247414524, 44.944338433055613 ], [ -93.307865277342756, 44.944479983929568 ], [ -93.30794690559658, 44.944631645192928 ], [ -93.308128528461339, 44.944722641758617 ], [ -93.308310151326083, 44.944802083086927 ], [ -93.308428512294142, 44.94487141361089 ], [ -93.308587687389092, 44.944955187882293 ], [ -93.308716251888853, 44.945033184507835 ], [ -93.308932566761499, 44.945242619366937 ], [ -93.309126433864336, 44.945350947442506 ], [ -93.309340708030632, 44.945462164054092 ], [ -93.309501923831931, 44.945535826885994 ], [ -93.309674363518198, 44.945582768837411 ], [ -93.309880474859099, 44.945652098418513 ], [ -93.310067199489723, 44.945675930442675 ], [ -93.310333511667821, 44.945744537729738 ], [ -93.310370244382042, 44.945744537729738 ], [ -93.310535541596039, 44.945780646795257 ], [ -93.310609007024468, 44.945825422004951 ], [ -93.310639617619657, 44.945844920875679 ], [ -93.310681452099757, 44.945853587038322 ], [ -93.310733490111545, 44.945888973855531 ], [ -93.310806955540002, 44.945920027575106 ], [ -93.310968171341315, 44.946024021304382 ], [ -93.311055921714186, 44.946064463259333 ], [ -93.311355905546975, 44.946177122840751 ], [ -93.311450798392059, 44.946317947006598 ], [ -93.311490592165796, 44.946334557013635 ], [ -93.311477327574551, 44.946360555275888 ], [ -93.311484470046764, 44.946423384361019 ], [ -93.311429370975432, 44.946440716510331 ], [ -93.311367129431872, 44.946466714724487 ], [ -93.311278358705849, 44.946500656819701 ], [ -93.311248768463855, 44.946521599804605 ], [ -93.311243666697976, 44.946536043238019 ], [ -93.311263053408254, 44.946552653181961 ], [ -93.311266114467784, 44.946525932835023 ], [ -93.311281419765393, 44.946515100258388 ], [ -93.311376312610449, 44.946476825137935 ], [ -93.311470185102351, 44.946440716510338 ], [ -93.311508958522907, 44.946437827819146 ], [ -93.311493653225313, 44.94635766658066 ], [ -93.311516100995121, 44.946326613097831 ], [ -93.311471205455504, 44.946308558739624 ], [ -93.311406923205638, 44.946207454228755 ], [ -93.311371210844584, 44.946169901079358 ], [ -93.311298765769308, 44.946131625728732 ], [ -93.311080410190314, 44.946060130194105 ], [ -93.310981435932561, 44.94601391081121 ], [ -93.310824301543946, 44.945909917063616 ], [ -93.31077226353213, 44.945887529496083 ], [ -93.310685533512441, 44.945841309974206 ], [ -93.310651861857735, 44.94583408817055 ], [ -93.310627373381593, 44.945818200199312 ], [ -93.310541663715071, 44.945770536259225 ], [ -93.310372285088391, 44.945733343914831 ], [ -93.31033759308049, 44.945731177369758 ], [ -93.310221272818794, 44.945701567912188 ], [ -93.310112095029311, 44.94568062462811 ], [ -93.309745788240264, 44.94609587797256 ], [ -93.309717218351423, 44.946123681784833 ], [ -93.309704463936768, 44.946131264640393 ], [ -93.309652936101543, 44.94614281946599 ], [ -93.309599877736559, 44.946147152524993 ], [ -93.309322851850183, 44.946179289369013 ], [ -93.309130005100513, 44.946198427031618 ], [ -93.309114189626357, 44.946213592721989 ], [ -93.309113169273161, 44.946240674301968 ], [ -93.309143269691774, 44.946267033694213 ], [ -93.309172859933781, 44.946279671754695 ], [ -93.309188675407967, 44.946302059169291 ], [ -93.309235101477313, 44.946302781343817 ], [ -93.309297343020859, 44.9463331126654 ], [ -93.309339177500945, 44.946345389624348 ], [ -93.30946161988166, 44.946389442220131 ], [ -93.309537126016451, 44.946447938237682 ], [ -93.309616713563926, 44.946545431467804 ], [ -93.30968507722649, 44.94658876173915 ], [ -93.309735074531957, 44.946666756145156 ], [ -93.309728442236391, 44.946696365104891 ], [ -93.309703953760248, 44.946642924532362 ], [ -93.309671302458725, 44.946605010582495 ], [ -93.309639161333763, 44.946573596147914 ], [ -93.309618754270318, 44.946563485751533 ], [ -93.309605999855648, 44.9465522920963 ], [ -93.309520290189141, 44.946453715618908 ], [ -93.309447845113851, 44.946401358080401 ], [ -93.309394786748882, 44.946378609617753 ], [ -93.309329484145806, 44.946359110928313 ], [ -93.309292241255022, 44.946347556146264 ], [ -93.309220816532914, 44.946312169611751 ], [ -93.309203980705561, 44.946309280914086 ], [ -93.309175410816735, 44.946308558739652 ], [ -93.309163676755247, 44.946289060026416 ], [ -93.309125413511268, 44.946270644568941 ], [ -93.309095313092683, 44.946242299196399 ], [ -93.309095823269274, 44.94621287054639 ], [ -93.309122352451752, 44.946190302553028 ], [ -93.309648599600649, 44.946136861509366 ], [ -93.309705739378316, 44.946123862329053 ], [ -93.309738390679854, 44.946092086542592 ], [ -93.309738390679854, 44.946022757492869 ], [ -93.309693495140252, 44.945956317074995 ], [ -93.309581256291253, 44.945834990896103 ], [ -93.309456773204147, 44.945719441915891 ], [ -93.309309842347275, 44.945622669465997 ], [ -93.309273109633054, 44.945583671566936 ], [ -93.309138423014247, 44.945450789637874 ], [ -93.309069038998601, 44.945318268494646 ], [ -93.30874252598332, 44.944999060997297 ], [ -93.308648653491417, 44.944955729525979 ], [ -93.308448664269548, 44.944847400704617 ], [ -93.308358873190357, 44.944789625249626 ], [ -93.308128273373313, 44.944697184400709 ], [ -93.30798746463546, 44.944613409752797 ], [ -93.307918080619729, 44.944506524679696 ], [ -93.307888490377692, 44.944460304045897 ], [ -93.307845635544453, 44.944431416130882 ], [ -93.307749722346216, 44.944362085075539 ], [ -93.307588506544917, 44.944200312287428 ], [ -93.307506878291093, 44.944067427156178 ], [ -93.307459942045142, 44.943677436407974 ], [ -93.307337499664428, 44.943140111481895 ], [ -93.306945684046127, 44.942649725876485 ], [ -93.306592131671763, 44.942562698243776 ], [ -93.30657733655076, 44.942576059341192 ], [ -93.306530910481399, 44.942597725979034 ], [ -93.306508972888196, 44.942623364823255 ], [ -93.306494177767178, 44.942674281367267 ], [ -93.30648550476522, 44.942691614648538 ], [ -93.30647224017396, 44.942717614560628 ], [ -93.306449282227589, 44.942753003310955 ], [ -93.306441119402209, 44.942825225182709 ], [ -93.306448261874408, 44.9428815581796 ], [ -93.306495198120388, 44.943041168037276 ], [ -93.304805493266343, 44.942041613019299 ], [ -93.304795289734614, 44.94206472431452 ], [ -93.304766719845787, 44.94210516905877 ], [ -93.304741484346081, 44.942186541312161 ], [ -93.304768428909824, 44.942259152090728 ], [ -93.304739859020984, 44.942334263363648 ], [ -93.304719707045166, 44.942384999528244 ], [ -93.304705167013111, 44.942454152307207 ], [ -93.304693177862717, 44.942538110558971 ], [ -93.304776846822904, 44.942607443582887 ], [ -93.304852352957667, 44.942614665768069 ], [ -93.305052342179522, 44.942584332584225 ], [ -93.304956428981285, 44.942565554890955 ], [ -93.304846230838635, 44.942545332752871 ], [ -93.304833731512858, 44.942536485522233 ], [ -93.304848016457285, 44.94248159676782 ], [ -93.304899289203604, 44.942473110626054 ], [ -93.305014140117777, 44.942462398252417 ], [ -93.304895207790892, 44.942412443990655 ], [ -93.304793172473623, 44.942419666205808 ], [ -93.304807202330366, 44.942374707877661 ], [ -93.30482965010016, 44.942331374514218 ], [ -93.304874545639763, 44.942279374434904 ], [ -93.304895207790921, 44.942228999220134 ], [ -93.304906781560064, 44.942192319118519 ], [ -93.304821818917119, 44.942152836042197 ], [ -93.304873856928964, 44.942043057475523 ], [ -93.30490242681779, 44.942045224159799 ], [ -93.304945281651044, 44.942043057475523 ], [ -93.305009563900924, 44.942036557422242 ], [ -93.305059561206406, 44.942032224052966 ], [ -93.305105477099175, 44.942032946281202 ], [ -93.305141189460215, 44.942038001878586 ], [ -93.305177922174437, 44.942049557528087 ], [ -93.305224858420388, 44.942077002186323 ], [ -93.305427908701773, 44.942309559026903 ], [ -93.305455458237418, 44.942330503540838 ], [ -93.305487089185789, 44.942345670253061 ], [ -93.305523821899996, 44.942357225840631 ], [ -93.305603409447485, 44.942371670321833 ], [ -93.305642182868027, 44.94238611479939 ], [ -93.305953390585699, 44.942493003820388 ], [ -93.305990123299921, 44.942498059377264 ], [ -93.306038079899054, 44.942500948266705 ], [ -93.306099301089432, 44.942504559378314 ], [ -93.306165624045633, 44.942503114933693 ], [ -93.306265618656568, 44.942498059377264 ], [ -93.306315615962035, 44.942508892711921 ], [ -93.30635643008894, 44.942515392711734 ], [ -93.306471729997469, 44.942513226045214 ], [ -93.306512544124374, 44.942505281600596 ], [ -93.306543154719563, 44.94251105937861 ], [ -93.306584989199635, 44.942526226043128 ], [ -93.306598253790881, 44.942547892699771 ], [ -93.306960479167259, 44.942638892568404 ], [ -93.307364539023638, 44.943132889338429 ], [ -93.307491062817078, 44.943667325501494 ], [ -93.307544121182019, 44.944068149358806 ], [ -93.307620647669978, 44.944180090656872 ], [ -93.307763497114166, 44.944322364120687 ], [ -93.307834921836246, 44.944381584443313 ], [ -93.307908387264675, 44.944427082942383 ], [ -93.307935936800362, 44.944453804266296 ], [ -93.30796246598284, 44.944491358538329 ], [ -93.307992056224862, 44.944562856026806 ], [ -93.308032870351767, 44.944606187794669 ], [ -93.308073684478686, 44.944640130989981 ], [ -93.308116539311925, 44.944663241239134 ], [ -93.308177760502289, 44.944686351478985 ], [ -93.30828387723227, 44.944730405347926 ], [ -93.308391014315376, 44.944771570408015 ], [ -93.308404278906607, 44.944789625249626 ], [ -93.308468561156502, 44.944830790267261 ], [ -93.30849815139851, 44.944839456582997 ], [ -93.308527741640518, 44.944851011668611 ], [ -93.308557331882525, 44.944871233062848 ], [ -93.308583861065017, 44.944887121296176 ], [ -93.30862161413242, 44.944905898293541 ], [ -93.308679774263268, 44.944938396928293 ], [ -93.308747117572665, 44.944967284588188 ], [ -93.308770585695612, 44.944981728412685 ], [ -93.308905272314433, 44.945091501360096 ], [ -93.308913435139814, 44.945111722669616 ], [ -93.308964452798435, 44.945165164667642 ], [ -93.309105261536274, 44.945316101933898 ], [ -93.309117505774353, 44.945321879429024 ], [ -93.309161380960788, 44.945339934097554 ], [ -93.309210357913074, 44.945363766251312 ], [ -93.309291986166883, 44.945403486485603 ], [ -93.309360349829475, 44.945432373911459 ], [ -93.309527687749792, 44.9455190361018 ], [ -93.309737880503377, 44.945586921392845 ], [ -93.30988889277296, 44.945633141119558 ], [ -93.309980724558486, 44.945644696045413 ], [ -93.310140920006646, 44.945669972437656 ], [ -93.310170510248639, 44.945680805173765 ], [ -93.310223568613623, 44.945687304814456 ], [ -93.310353153466579, 44.945721247370521 ], [ -93.31037151982369, 44.945719803006831 ], [ -93.310435802073556, 44.945732080096946 ], [ -93.310554163041601, 44.945766022626536 ], [ -93.310599058581232, 44.94578624369845 ], [ -93.310648035533532, 44.945813686570382 ], [ -93.310676605422373, 44.945820186196023 ], [ -93.310771498267428, 44.94585629521395 ], [ -93.31079802744992, 44.945877960613807 ], [ -93.310847004402206, 44.945898903825899 ], [ -93.310865370759316, 44.945920569209669 ], [ -93.310943937953624, 44.945972566097367 ], [ -93.31097250784245, 44.945979065705011 ], [ -93.310984752080515, 44.945994231453341 ], [ -93.311030667973299, 44.946015174623007 ], [ -93.311108214814425, 44.946052727873621 ], [ -93.311170456357971, 44.946073671021949 ], [ -93.311189843068263, 44.946077281908813 ], [ -93.311311265095824, 44.946120612533541 ], [ -93.311371465933007, 44.946146610892676 ], [ -93.311411259706745, 44.946178386648967 ], [ -93.311491867607373, 44.946302600800216 ], [ -93.311534722440641, 44.946318488637388 ], [ -93.311536763146989, 44.946337265166548 ], [ -93.311518396789879, 44.946358930384882 ], [ -93.311529620674776, 44.946451368557867 ], [ -93.311484725135173, 44.946454979420984 ], [ -93.311450033127286, 44.946464367664014 ], [ -93.311363303107598, 44.946499393018684 ], [ -93.31131840756801, 44.946516364059121 ], [ -93.311278103617681, 44.946534418351973 ], [ -93.311274211159073, 44.94657135608 ], [ -93.311233699359008, 44.946551242272989 ], [ -93.311211931824658, 44.946547818645577 ], [ -93.311156303681344, 44.946526848923142 ], [ -93.311118815149953, 44.946526420969541 ], [ -93.311040210164805, 44.946524281201498 ], [ -93.311000303018474, 44.946536691855023 ], [ -93.31093197714678, 44.946545250924864 ], [ -93.310869697812393, 44.946555521806992 ], [ -93.310830395319798, 44.946560229294015 ], [ -93.310771743907807, 44.946576919472179 ], [ -93.310720348340581, 44.946593609645497 ], [ -93.310697976152511, 44.946597889176324 ], [ -93.310581882635958, 44.946596177364029 ], [ -93.310574022137445, 44.946467791296342 ], [ -93.310543184797126, 44.94658633444233 ], [ -93.310508266044138, 44.946579915144675 ], [ -93.310476824050085, 44.94658012912128 ], [ -93.310443870421679, 44.946587618301784 ], [ -93.310346521170814, 44.946620784660887 ], [ -93.310250381227462, 44.946667645483956 ], [ -93.310142752863158, 44.946704449391262 ], [ -93.310075031645169, 44.946724991096708 ], [ -93.310060519955599, 44.946728842665642 ], [ -93.309908147215154, 44.946719427718868 ], [ -93.309858565609119, 44.946717715910196 ], [ -93.309836798074784, 44.946714720244898 ], [ -93.309735216247816, 44.946713436388301 ], [ -93.309723123173185, 44.946718999766709 ], [ -93.309709820791014, 44.946702309629863 ], [ -93.309623959961101, 44.946662510053159 ], [ -93.309552610820731, 44.946640684467148 ], [ -93.309538703784881, 44.946636832892281 ], [ -93.309508471098283, 44.946620570684445 ], [ -93.309473401181847, 44.946619714778635 ], [ -93.309440145226588, 44.946601740753806 ], [ -93.309300470214509, 44.946578203331853 ], [ -93.30926358633684, 44.946578631285064 ], [ -93.309239400187579, 44.946570072220204 ], [ -93.309152934703917, 44.94656279701406 ], [ -93.309126329939701, 44.946552954086641 ], [ -93.309032608611247, 44.946550814319586 ], [ -93.309014771326133, 44.946549102505877 ], [ -93.308907445288696, 44.946551242272989 ], [ -93.308831561245384, 44.94653070050537 ], [ -93.308780770331879, 44.946515294174837 ], [ -93.308653793048137, 44.946502027609128 ], [ -93.308590909060015, 44.946499459886368 ], [ -93.308490536540518, 44.946494324440522 ], [ -93.308361140641864, 44.946496036255851 ], [ -93.308235372665635, 44.94651229849898 ], [ -93.308200302749185, 44.946551670226405 ], [ -93.308178535214807, 44.946619286825715 ], [ -93.308209977208875, 44.946668073436506 ], [ -93.308274070504467, 44.946682623821182 ], [ -93.308343001029897, 44.946679200201579 ], [ -93.308351466182174, 44.946663793910908 ], [ -93.308392582635918, 44.946635549033921 ], [ -93.308397419865798, 44.946655234858746 ], [ -93.308376861638891, 44.94668690334538 ], [ -93.308346628952293, 44.946698886011433 ], [ -93.308178535214807, 44.946710226746653 ], [ -93.308043092778874, 44.946758157376401 ], [ -93.307881045578696, 44.946830053246011 ], [ -93.307728672838223, 44.946888254598313 ], [ -93.307554532563429, 44.946917355252324 ], [ -93.307402159822985, 44.946907084434947 ], [ -93.307298159381077, 44.946876271971782 ], [ -93.307220763703398, 44.94684717129693 ], [ -93.307128856336135, 44.946783834483043 ], [ -93.307075646807718, 44.946749598338307 ], [ -93.307033925700225, 44.946710654698869 ], [ -93.306949274177754, 44.946705519271916 ], [ -93.30691480891501, 44.946704663367377 ], [ -93.306774529249196, 44.946946027941124 ], [ -93.306730994180512, 44.947134325840025 ], [ -93.306559272520616, 44.947264422209386 ], [ -93.306537504986267, 44.947399653649185 ], [ -93.306438341774225, 44.947632456394182 ], [ -93.306288387648692, 44.947630744612745 ], [ -93.306203736126193, 44.94758966184277 ], [ -93.306133596293321, 44.947356858924195 ], [ -93.30610457291418, 44.947180544320808 ], [ -93.305949781558795, 44.947038465168689 ], [ -93.30566680361224, 44.947012788175954 ], [ -93.305579733474829, 44.946944316139216 ], [ -93.305507175026975, 44.946824489878367 ], [ -93.305517454140414, 44.946768000268641 ], [ -93.305488451285427, 44.946743052269888 ], [ -93.305433065324593, 44.946722712553019 ], [ -93.305368796709644, 44.946695716190398 ], [ -93.305389174563174, 44.946678334963913 ], [ -93.305558467500077, 44.946672048136016 ], [ -93.305584592953338, 44.946672048136008 ], [ -93.30565095160452, 44.946652817834646 ], [ -93.305752318363034, 44.946644312122366 ], [ -93.305746570763276, 44.946610289260654 ], [ -93.305723580364457, 44.946589579682779 ], [ -93.305723580364457, 44.946567390841061 ], [ -93.305744480727029, 44.946548160504626 ], [ -93.305767471125861, 44.946540764219669 ], [ -93.305823902104834, 44.946524492389401 ], [ -93.305863612793758, 44.946505262038606 ], [ -93.305857342684959, 44.946480114647059 ], [ -93.305838532358663, 44.946462363540519 ], [ -93.305815541959831, 44.946444612428472 ], [ -93.305823902104834, 44.946423902790833 ], [ -93.305853162612465, 44.946406151666913 ], [ -93.305909593591409, 44.946386921276464 ], [ -93.30594512420781, 44.946385442015391 ], [ -93.306014095404322, 44.946366211617999 ], [ -93.30602663562189, 44.94632775080391 ], [ -93.306005735259305, 44.946311478913259 ], [ -93.305980654824211, 44.946284852173164 ], [ -93.305980654824211, 44.946258225420706 ], [ -93.306024545585615, 44.946227160860573 ], [ -93.306066346310772, 44.946210888941422 ], [ -93.306083066600848, 44.946212368207 ], [ -93.306149947761114, 44.946196096283629 ], [ -93.306183388341225, 44.946163552423087 ], [ -93.306158307906117, 44.946133967079312 ], [ -93.306131137434775, 44.946096985378148 ], [ -93.306147857724824, 44.946070358538556 ], [ -93.306175028196179, 44.946057045114124 ], [ -93.306227279102629, 44.946037814606726 ], [ -93.306277439972845, 44.946028938985748 ], [ -93.306317150661727, 44.946006749927314 ], [ -93.306321330734249, 44.945959413240651 ], [ -93.306300430371678, 44.945917993607793 ], [ -93.306279530009121, 44.945882491041559 ], [ -93.306312970589246, 44.945851426278097 ], [ -93.306354771314403, 44.945820361497816 ], [ -93.306377761713236, 44.94577450393431 ], [ -93.306367311531943, 44.945699060766231 ], [ -93.306300430371664, 44.945601428283894 ], [ -93.306235639247689, 44.945567404804066 ], [ -93.306216828921336, 44.945505274919306 ], [ -93.306231459175152, 44.945456458534089 ], [ -93.306200108631288, 44.945385452808793 ], [ -93.306137407543531, 44.945352908488665 ], [ -93.306122777289715, 44.945305571262828 ], [ -93.306149947761099, 44.945243441094682 ], [ -93.30619174848627, 44.945169476521109 ], [ -93.305888693228837, 44.945125097731228 ], [ -93.306187568413748, 44.945125097731228 ], [ -93.306227279102629, 44.945101429029251 ], [ -93.306264899755277, 44.945070363843101 ], [ -93.30635686135065, 44.945043736527317 ], [ -93.306381941785745, 44.944991961155715 ], [ -93.306310880552957, 44.944956458016748 ], [ -93.306087246673357, 44.944938706439054 ], [ -93.305863612793758, 44.944956458016748 ], [ -93.305407912036102, 44.944948222990334 ] ], [ [ -93.305584586280233, 44.945022160206321 ], [ -93.305621466365224, 44.944981517099357 ], [ -93.305656567147835, 44.944963428045327 ], [ -93.305675007190331, 44.944957589172247 ], [ -93.305689726873354, 44.944943049230787 ], [ -93.305708975689654, 44.944942247816591 ], [ -93.305731621355832, 44.944930799041039 ], [ -93.305719975013218, 44.944916144604996 ], [ -93.305757502117231, 44.944898742457355 ], [ -93.305751031926874, 44.944874928983594 ], [ -93.305659155223964, 44.944863938146227 ], [ -93.305656567147835, 44.944842872368724 ], [ -93.30556986659721, 44.94485386321012 ], [ -93.305529751417069, 44.944862106339791 ], [ -93.305483166046599, 44.944827302006466 ], [ -93.305444344904529, 44.9448364610436 ], [ -93.305409405876645, 44.944815395255993 ], [ -93.305407912036102, 44.944948222990334 ] ] ] } },
{ "type": "Feature", "properties": { "id": 1 }, "geometry": { "type": "MultiLineString", "coordinates": [ [ [ -93.305407912036102, 44.944948222990334 ], [ -93.305411346933766, 44.944831194597427 ], [ -93.305454050190036, 44.944844933151636 ], [ -93.305463108456522, 44.944830278693686 ], [ -93.305498047484392, 44.944864167122027 ], [ -93.30554722093099, 44.944858671702562 ], [ -93.305588630149202, 44.944870578444061 ], [ -93.305632627443558, 44.944846764958612 ], [ -93.305666272433356, 44.944876989765376 ], [ -93.305730974336811, 44.944867830734708 ], [ -93.305730974336811, 44.944893476016894 ], [ -93.305719327994197, 44.944914541775837 ], [ -93.305686977042441, 44.944926448505733 ], [ -93.305668213490435, 44.944941789865602 ], [ -93.305645891333754, 44.944959420975614 ], [ -93.305610952305884, 44.944967206139367 ], [ -93.305589277168252, 44.944991248550124 ], [ -93.30558151293981, 44.945022389181496 ] ] ] } },
{ "type": "Feature", "properties": { "id": 1 }, "geometry": { "type": "MultiLineString", "coordinates": [ [ [ -93.305407912036102, 44.944948222990334 ], [ -93.305338233782834, 44.94488134030442 ] ] ] } }
]
}
